movie_title,domestic_total_gross,worldwide_total_gross,opening_weekend_rev,budget,runtime_minutes,IMDb_rating,time_between_sequel,sequel_worldwide_total_gross,Adventure,Animation,Biography,Comedy,Crime,Drama,Fantasy,Horror,Sci-Fi,Thriller,G,NC-17,PG,PG-13,R
Spider-Man,407022860.0,825025036.0,114844116.0,139000000.0,121.0,7.3,2.1602086285139324,788976453.0,0,0,0,0,0,0,0,0,0,0,0,0,0,1,0
Spider-Man 2,373585825.0,788976453.0,88156227.0,200000000.0,127.0,7.3,2.841947473254071,894983373.0,0,0,0,0,0,0,0,0,0,0,0,0,0,1,0
The Matrix,171479930.0,465718867.0,27788331.0,63000000.0,136.0,8.7,4.123287952524692,741847937.0,0,0,0,0,0,0,0,0,0,0,0,0,0,0,1
The Matrix Reloaded,281576461.0,741847937.0,91774413.0,150000000.0,138.0,7.2,0.4763958192160003,427344277.0,0,0,0,0,0,0,0,0,0,0,0,0,0,0,1
The Lord of the Rings: The Fellowship of the Ring,315544750.0,887934994.0,47211490.0,93000000.0,178.0,8.8,0.9965981505438167,943282270.0,0,0,0,0,0,0,0,0,0,0,0,0,0,1,0
The Lord of the Rings: The Two Towers,342551365.0,943282270.0,62007528.0,94000000.0,179.0,8.7,0.9965981505438167,1142270989.0,0,0,0,0,0,0,0,0,0,0,0,0,0,1,0
Back to the Future,211406762.0,388776253.0,11152500.0,19000000.0,116.0,8.5,4.388864932202578,335973020.0,1,0,0,0,0,0,0,0,0,0,0,0,1,0,0
Back to the Future Part II,119000002.0,335973020.0,27835125.0,40000000.0,108.0,7.8,0.5037748892858854,246145853.0,1,0,0,0,0,0,0,0,0,0,0,0,1,0,0
Lethal Weapon,65207127.0,120207127.0,6829949.0,15000000.0,109.0,7.6,2.3381725839681855,227853986.0,0,0,0,0,0,0,0,0,0,0,0,0,0,0,1
Lethal Weapon 2,147253986.0,227853986.0,20388800.0,28000000.0,114.0,7.2,2.8556370082890137,321731527.0,0,0,0,0,0,0,0,0,0,0,0,0,0,0,1
Lethal Weapon 3,144731527.0,321731527.0,33243086.0,35000000.0,118.0,6.7,6.1520770447031765,285444603.0,0,0,0,0,0,0,0,0,0,0,0,0,0,0,1
Die Hard,83519093.0,141482299.0,601851.0,28000000.0,132.0,8.2,1.952127695982806,240247433.0,0,0,0,0,0,0,0,0,0,0,0,0,0,0,1
Die Hard 2,117540947.0,240247433.0,21744661.0,70000000.0,124.0,7.2,4.876212379446532,366236538.0,0,0,0,0,0,0,0,0,0,0,0,0,0,0,1
Die Hard with a Vengeance,100012499.0,366236538.0,22162245.0,90000000.0,128.0,7.6,12.107024784903182,388156011.0,0,0,0,0,0,0,0,0,0,0,0,0,0,0,1
Mad Max,8750000.0,8771757.0,0.0,300000.0,88.0,6.9,2.1656844425279096,23667907.0,0,0,0,0,0,0,0,0,0,0,0,0,0,0,1
Mad Max 2: The Road Warrior,23667907.0,23667907.0,2527864.0,3000000.0,96.0,7.6,3.13764143000883,36230219.0,0,0,0,0,0,0,0,0,0,0,0,0,0,0,1
Rocky,117235147.0,117248937.0,18296255.889082506,960000.0,120.0,8.1,2.529826074457381,85187855.0,0,0,0,0,0,1,0,0,0,0,0,0,1,0,0
Rocky II,85182160.0,85187855.0,6390537.0,7000000.0,119.0,7.3,2.951463753533611,125052686.0,0,0,0,0,0,1,0,0,0,0,0,0,1,0,0
Rocky III,125049125.0,125052686.0,12431486.0,17000000.0,99.0,6.8,3.5017830619383012,300474985.0,0,0,0,0,0,1,0,0,0,0,0,0,1,0,0
First Blood,47212904.0,125212904.0,6642005.0,15000000.0,93.0,7.7,2.5818463075901628,300400432.0,0,0,0,0,0,0,0,0,0,0,0,0,0,0,1
Terminator 2: Judgment Day,205881154.0,520884847.0,31765506.0,102000000.0,137.0,8.5,11.99750850462364,433371112.0,0,0,0,0,0,0,0,0,0,0,0,0,0,0,1
Terminator 3: Rise of the Machines,150371112.0,433371112.0,44041440.0,200000000.0,109.0,6.3,5.886500065025292,371353001.0,0,0,0,0,0,0,0,0,0,0,0,0,0,0,1
RoboCop,53424681.0,53424681.0,8008721.0,13000000.0,102.0,7.5,2.932298404484692,45681173.0,0,0,0,0,0,0,0,0,0,0,0,0,0,0,1
RoboCop 2,45681173.0,45681173.0,14145411.0,25000000.0,117.0,5.8,3.3731014326098414,10696210.0,0,0,0,0,0,0,0,0,0,0,0,0,0,0,1
X-Men,157299718.0,296339528.0,54471475.0,75000000.0,104.0,7.4,2.7981409611422547,407711549.0,0,0,0,0,0,0,0,0,0,0,0,0,0,1,0
xXx,142109382.0,277448382.0,44506103.0,70000000.0,124.0,5.9,2.7214795649465766,71022693.0,0,0,0,0,0,0,0,0,0,0,0,0,0,1,0
The Chronicles of Riddick,57761012.0,115900534.0,24289165.0,105000000.0,119.0,6.7,0.010951628027954031,217611052.39749402,0,0,0,0,0,0,0,0,0,0,0,0,0,0,1
Transporter 2,43095856.0,89083229.0,16540720.0,32000000.0,87.0,6.3,3.2334681752534276,108979549.0,0,0,0,0,0,0,0,0,0,0,0,0,0,1,0
Crank,27838408.0,42931041.0,10457367.0,12000000.0,88.0,6.9,2.625652819701979,34572541.0,0,0,0,0,0,0,0,0,0,0,0,0,0,0,1
Alien,81765459.0,108110396.0,3527881.0,11000000.0,117.0,8.4,7.072013799051315,131387762.0,0,0,0,0,0,0,0,1,0,0,0,0,0,0,1
Predator,59735548.0,98399956.0,12031638.0,15000000.0,107.0,7.8,3.4442870147915428,57120318.0,0,0,0,0,0,0,0,0,0,0,0,0,0,0,1
Predator 2,30669413.0,57120318.0,8784943.0,35000000.0,108.0,6.3,19.6307932401076,127233108.0,0,0,0,0,0,0,0,0,0,0,0,0,0,0,1
Saw,56000369.0,103911669.0,18276468.0,1200000.0,103.0,7.6,0.9965981505438167,147748505.0,0,0,0,0,0,0,0,1,0,0,0,0,0,0,1
Saw II,87039965.0,147748505.0,31725652.0,4000000.0,93.0,6.6,0.9965981505438167,164874275.0,0,0,0,0,0,0,0,1,0,0,0,0,0,0,1
Saw V,56746769.0,113864059.0,30053954.0,10800000.0,92.0,5.8,0.9965981505438167,68234154.0,0,0,0,0,0,0,0,1,0,0,0,0,0,0,1
Species,60074103.0,113374103.0,17161943.0,35000000.0,108.0,5.8,2.759810263044416,19221939.0,0,0,0,0,0,0,0,0,0,0,0,0,0,0,1
Species II,19221939.0,19221939.0,7274008.0,22261262.576212194,93.0,4.5,6.84202961046428,217611052.4207115,0,0,0,0,0,0,0,0,0,0,0,0,0,0,1
Species III,95747843.58926389,217611052.4207115,26418055.19334348,50165288.69365618,111.0,4.2,2.636604447729933,49833821.45406005,0,0,0,0,0,0,0,1,0,0,0,0,0,0,1
Scream,103046663.0,173046663.0,6354586.0,14000000.0,111.0,7.2,0.9774328014948972,172363804.0,0,0,0,0,0,0,0,1,0,0,0,0,0,0,1
Scream 2,101363301.0,172363804.0,32926342.0,24000000.0,120.0,6.2,2.14651909347899,161834276.0,0,0,0,0,0,0,0,1,0,0,0,0,0,0,1
Scream 3,89143175.0,161834276.0,34713342.0,40000000.0,116.0,5.6,11.192563844569019,97231420.0,0,0,0,0,0,0,0,1,0,0,0,0,0,0,1
Final Destination,53331147.0,112880294.0,10015822.0,23000000.0,98.0,6.7,2.874802357337933,90941129.0,0,0,0,0,0,0,0,1,0,0,0,0,0,0,1
Final Destination 2,46961214.0,90941129.0,16200000.0,26000000.0,90.0,6.2,3.0281251497292896,118890272.0,0,0,0,0,0,0,0,1,0,0,0,0,0,0,1
Final Destination 3,54098051.0,118890272.0,20125000.0,25000000.0,93.0,5.8,3.5455895740501173,186167139.0,0,0,0,0,0,0,0,1,0,0,0,0,0,0,1
Underworld,51970690.0,95708457.0,21753759.0,22000000.0,121.0,7.0,2.3381725839681855,111476513.0,0,0,0,0,0,0,0,0,0,0,0,0,0,0,1
Underworld: Evolution,62318875.0,111476513.0,26857181.0,50000000.0,106.0,6.7,3.00895980068037,92158961.0,0,0,0,0,0,0,0,0,0,0,0,0,0,0,1
Underworld: Rise of the Lycans,45802315.0,92158961.0,20828511.0,35000000.0,92.0,6.6,2.9897944516314503,160112671.0,0,0,0,0,0,0,0,0,0,0,0,0,0,0,1
Darkman,33878502.0,48878502.0,8054860.0,16000000.0,96.0,6.4,4.878950286453521,66802104.9210145,0,0,0,0,0,0,0,0,0,0,0,0,0,0,1
Darkman II: The Return of Durant,46183640.641615525,66802104.9210145,7811345.177376665,8500000.0,93.0,5.1,1.111590244837334,217611052.41337618,0,0,0,0,0,0,0,0,0,0,0,0,0,0,1
Transformers,319246193.0,709709780.0,70502384.0,150000000.0,144.0,7.0,1.9767688590457024,836303693.0,0,0,0,0,0,0,0,0,0,0,0,0,0,1,0
Transformers: Revenge of the Fallen,402111870.0,836303693.0,108966307.0,200000000.0,149.0,6.0,2.0123616501365533,1123794079.0,0,0,0,0,0,0,0,0,0,0,0,0,0,1,0
American Pie,102561004.0,235483004.0,18709680.0,11000000.0,95.0,7.0,2.0890230463322315,287553595.0,0,0,0,1,0,0,0,0,0,0,0,0,0,0,1
American Pie 2,145103595.0,287553595.0,45117985.0,30000000.0,108.0,6.4,1.974030952038714,232722935.0,0,0,0,1,0,0,0,0,0,0,0,0,0,0,1
American Wedding,104565114.0,232722935.0,33369440.0,55000000.0,96.0,6.3,2.4038823521359096,61386695.30366294,0,0,0,1,0,0,0,0,0,0,0,0,0,0,1
American Pie Presents: Band Camp,44404544.59221789,61386695.30366294,7142690.210339401,7000000.0,94.0,5.1,0.9801707085018857,217611052.41644463,0,0,0,1,0,0,0,0,0,0,0,0,0,0,1
American Pie Presents: The Naked Mile,95747843.58784363,217611052.41644463,26418055.19284411,50165288.69265258,97.0,5.1,1.0185014065997249,217611052.41277474,0,0,0,1,0,0,0,0,0,0,0,0,0,0,1
American Pie Presents: Beta House,95747843.58662137,217611052.41277474,26418055.192414794,50165288.69179061,85.0,5.3,1.990458394080645,64996968.381855935,0,0,0,1,0,0,0,0,0,0,0,0,0,0,1
Fantastic Four,154696080.0,333535934.0,56061504.0,100000000.0,106.0,5.7,1.935700253940875,301913131.0,0,0,0,0,0,0,0,0,0,0,0,0,0,1,0
Hulk,132177234.0,245285165.0,62128420.0,137000000.0,138.0,5.6,4.9829907527190835,264770996.0,0,0,0,0,0,0,0,0,0,0,0,0,0,1,0
Superman,134451603.0,300451667.0,7465343.0,55000000.0,143.0,7.3,2.5106607254084614,108185706.0,0,0,0,0,0,0,0,0,0,0,0,0,1,0,0
Superman II,108185706.0,108185706.0,14100523.0,54000000.0,127.0,6.8,1.9931963010876335,59950623.0,0,0,0,0,0,0,0,0,0,0,0,0,1,0,0
Superman III,59950623.0,59950623.0,13352357.0,39000000.0,125.0,5.0,4.101384696468784,15681020.0,0,0,0,0,0,0,0,0,0,0,0,0,1,0,0
Cruel Intentions,38773785.0,76347426.0,13020565.0,10500000.0,97.0,6.8,2.0233132781645073,217611052.41336754,0,0,0,0,0,1,0,0,0,0,0,0,0,0,1
Cruel Intentions 2,95747843.58681774,217611052.41336754,26418055.19248441,50165288.691931635,87.0,4.4,3.2006132911695655,217611052.4127617,0,0,0,0,0,1,0,0,0,0,0,0,0,0,1
Wild Things,30147739.0,30147739.0,9622444.0,20000000.0,108.0,6.5,5.930306577137108,46223548.37487176,0,0,0,0,1,0,0,0,0,0,0,0,0,0,1
Wild Things 2,39423075.65382709,46223548.37487176,5270456.302617572,2800000.0,95.0,4.6,0.9911223365298397,217611052.41336972,0,0,0,0,1,0,0,0,0,0,0,0,0,0,1
Wild Things: Diamonds in the Rough,95747843.58681858,217611052.41336972,26418055.19248463,50165288.69193193,87.0,4.5,5.2786847094738425,72217514.53835717,0,0,0,0,1,0,0,0,0,0,0,0,0,0,1
Urban Legend,38072438.0,72527595.0,10515444.0,14000000.0,99.0,5.6,1.9931963010876335,38574362.0,0,0,0,0,0,0,0,1,0,0,0,0,0,0,1
Urban Legends: Final Cut,21468807.0,38574362.0,8505513.0,14000000.0,97.0,4.3,4.821454239306762,48750739.52945994,0,0,0,0,0,0,0,1,0,0,0,0,0,0,1
Batman,251348343.0,411556825.0,40489746.0,35000000.0,126.0,7.5,2.9897944516314503,266903053.0,0,0,0,0,0,0,0,0,0,0,0,0,0,1,0
Batman Returns,162902340.0,266903053.0,45687711.0,80000000.0,126.0,7.0,2.9897944516314503,336567531.0,0,0,0,0,0,0,0,0,0,0,0,0,0,1,0
Batman Forever,184069126.0,336567531.0,52784433.0,100000000.0,121.0,5.4,2.0123616501365533,238235915.0,0,0,0,0,0,0,0,0,0,0,0,0,0,1,0
Batman & Robin,107353792.0,238235915.0,42872605.0,125000000.0,125.0,3.8,7.986474739385477,373661301.0,0,0,0,0,0,0,0,0,0,0,0,0,0,1,0
The Dark Knight,535234033.0,1005456758.0,158411483.0,185000000.0,152.0,9.0,4.005557951224187,1081141368.0,0,0,0,0,0,0,0,0,0,0,0,0,0,1,0
Hellboy,59623958.0,99378985.0,23172440.0,66000000.0,122.0,6.8,4.27387283790906,168319243.0,0,0,0,0,0,0,0,0,0,0,0,0,0,1,0
Blade,70087718.0,131183530.0,17073856.0,45000000.0,120.0,7.1,3.5839202721479566,155010032.0,0,0,0,0,0,0,0,0,0,0,0,0,0,0,1
The Crow,50693129.0,50693129.0,11774332.0,23000000.0,102.0,7.6,2.299841885870346,17917287.0,0,0,0,0,0,0,0,0,0,0,0,0,0,0,1
The Crow: City of Angels,17917287.0,17917287.0,9785111.0,13000000.0,84.0,4.7,3.7892632976720946,72217514.53947213,0,0,0,0,0,0,0,0,0,0,0,0,0,0,1
The Crow: Salvation,47962736.69142455,72217514.53947213,8480000.144507483,10000000.0,102.0,4.9,5.251305639403958,217611052.41701114,0,0,0,0,0,0,0,0,0,0,0,0,0,0,1
Men in Black,250690539.0,589390539.0,51068455.0,90000000.0,98.0,7.3,5.002156101768003,445135288.0,0,0,0,0,0,0,0,0,0,0,0,0,0,1,0
Men in Black II,193735288.0,445135288.0,52148751.0,140000000.0,88.0,6.2,9.894795923256467,624026776.0,0,0,0,0,0,0,0,0,0,0,0,0,0,1,0
Resident Evil,40119709.0,102984862.0,17707106.0,33000000.0,100.0,6.7,2.4914953763595418,129342769.0,0,0,0,0,0,0,0,0,0,0,0,0,0,0,1
Resident Evil: Apocalypse,51201453.0,129342769.0,23036273.0,45000000.0,94.0,6.2,3.0281251497292896,147717833.0,0,0,0,0,0,0,0,0,0,0,0,0,0,0,1
Resident Evil: Extinction,50648679.0,147717833.0,23678580.0,45000000.0,94.0,6.3,2.9706291025825307,300228084.0,0,0,0,0,0,0,0,0,0,0,0,0,0,0,1
Resident Evil: Afterlife,60128566.0,300228084.0,26650264.0,60000000.0,96.0,5.8,2.0123616501365533,240159255.0,0,0,0,0,0,0,0,0,0,0,0,0,0,0,1
Dusk Till Dawn 2: Texas Blood Money,21891040.5451088,21891040.5451088,1597788.6727022948,5000000.0,88.0,4.1,0.8432753581524604,21892224.602910724,0,0,0,0,1,0,0,0,0,0,0,0,0,0,1
Spy Kids,112719001.0,147934180.0,26546881.0,35000000.0,88.0,5.5,1.3552639684593113,119723358.0,0,0,0,0,0,0,0,0,0,0,0,0,1,0,0
Spy Kids 2: Island of Lost Dreams,85846429.0,119723358.0,16711716.0,38000000.0,100.0,5.2,0.9637432664599547,197101678.0,0,0,0,0,0,0,0,0,0,0,0,0,1,0,0
Spy Kids 3-D: Game Over,111761982.0,197101678.0,32500000.0,38000000.0,84.0,4.3,8.068611949595132,85564310.0,0,0,0,0,0,0,0,0,0,0,0,0,1,0,0
Garfield,75369589.0,203172417.0,21727611.0,50000000.0,80.0,5.0,2.0123616501365533,143325970.0,0,1,0,0,0,0,0,0,0,0,0,0,1,0,0
Iron Man,319034126.0,585796247.0,98618668.0,140000000.0,126.0,7.9,2.0123616501365533,623933331.0,0,0,0,0,0,0,0,0,0,0,0,0,0,1,0
Iron Man 2,312433331.0,623933331.0,128122480.0,200000000.0,124.0,7.0,2.9897944516314503,1214811252.0,0,0,0,0,0,0,0,0,0,0,0,0,0,1,0
Shrek,267665011.0,506429095.0,42347760.0,60000000.0,90.0,7.8,3.0034839866663927,928760770.0,0,1,0,0,0,0,0,0,0,0,0,0,1,0,0
Tinker Bell,19653055.17134585,19653055.17134585,8683489.387261897,50000000.0,77.0,6.8,0.9965981505438167,21914139.896002173,0,1,0,0,0,0,0,0,0,0,1,0,0,0,0
Tinker Bell and the Lost Treasure,21914139.896002173,21914139.896002173,5829009.096268773,30000000.0,104.04919257882517,6.7,0.9007714052992191,22128811.838120565,0,1,0,0,0,0,0,0,0,0,1,0,0,0,0
If These Walls Could Talk,95747843.58785984,217611052.41648623,26418055.1928484,50165288.692658395,97.0,7.0,3.392266781658761,217611052.41618222,0,0,0,0,0,1,0,0,0,0,0,0,0,0,1
Jurassic Park,404214720.0,1033917066.0,47026828.0,63000000.0,127.0,8.1,3.948061904077428,618638999.0,0,0,0,0,0,0,0,0,0,0,0,0,0,1,0
Jurassic Park III,181171875.0,368780809.0,50771645.0,93000000.0,92.0,5.9,13.900353874480654,1670401444.0,0,0,0,0,0,0,0,0,0,0,0,0,0,1,0
Indiana Jones and the Temple of Doom,179870271.0,333107271.0,25337110.0,28000000.0,118.0,7.6,5.002156101768003,474310887.0,0,0,0,0,0,0,0,0,0,0,0,0,1,0,0
Indiana Jones and the Last Crusade,197171806.0,474310887.0,29355021.0,48000000.0,127.0,8.2,18.995598814486264,790653942.0,0,0,0,0,0,0,0,0,0,0,0,0,0,1,0
Star Wars: Episode I - The Phantom Menace,474544677.0,1027082707.0,64820970.0,115000000.0,136.0,6.5,2.9925323586384387,653779970.0,0,0,0,0,0,0,0,0,0,0,0,0,1,0,0
Star Wars: Episode II - Attack of the Clones,310676740.0,653779970.0,80027814.0,115000000.0,142.0,6.5,3.00895980068037,868390560.0,0,0,0,0,0,0,0,0,0,0,0,0,1,0,0
Star Wars: Episode III - Revenge of the Sith,380270577.0,868390560.0,108435841.0,113000000.0,140.0,7.5,27.984147518429538,775768912.0,0,0,0,0,0,0,0,0,0,0,0,0,0,1,0
Star Wars: Episode IV - A New Hope,460998507.0,775768912.0,1554475.0,11000000.0,121.0,8.6,3.0719316618411057,550913836.0,0,0,0,0,0,0,0,0,0,0,0,0,1,0,0
Star Wars: Episode V - The Empire Strikes Back,292674960.0,550913836.0,4910483.0,18000000.0,124.0,8.7,2.9268225904707146,475369689.0,0,0,0,0,0,0,0,0,0,0,0,0,1,0,0
Austin Powers: The Spy Who Shagged Me,206040086.0,312016928.0,17981900.0,33000000.0,95.0,6.6,2.1081883953811507,67683989.0,0,0,0,0,0,0,0,0,0,0,0,0,0,1,0
Austin Powers: International Man of Mystery,53883989.0,67683989.0,9548111.0,16500000.0,94.0,7.0,5.232140290355038,296938801.0,1,0,0,0,0,0,0,0,0,0,0,0,0,1,0
Twilight,193962473.0,408430415.0,69637740.0,37000000.0,122.0,5.2,0.9965981505438167,711025481.0,0,0,0,0,0,1,0,0,0,0,0,0,0,1,0
The Twilight Saga: New Moon,297816253.0,711025481.0,142839137.0,50000000.0,130.0,4.7,0.6078153555514487,698491347.0,1,0,0,0,0,0,0,0,0,0,0,0,0,1,0
The Twilight Saga: Eclipse,300531751.0,698491347.0,64832191.0,68000000.0,124.0,5.0,1.385380945536185,712205856.0,1,0,0,0,0,0,0,0,0,0,0,0,0,1,0
The Twilight Saga: Breaking Dawn - Part 1,281287133.0,712205856.0,138122261.0,110000000.0,117.0,4.9,0.9965981505438167,829747488.0,1,0,0,0,0,0,0,0,0,0,0,0,0,1,0
Kill Bill: Vol. 1,70099045.0,180899045.0,22200000.0,30000000.0,111.0,8.1,0.517464424320828,154116796.0,0,0,0,0,0,0,0,0,0,0,0,0,0,0,1
Ghostbusters,243187079.0,296425473.0,13578151.0,30000000.0,105.0,7.8,5.021321450816923,215394738.0,0,0,0,0,0,0,0,0,0,0,0,0,1,0,0
The Santa Clause,144833357.0,189833357.0,19321992.0,22000000.0,97.0,6.5,7.972785204350534,172855065.0,0,0,0,1,0,0,0,0,0,0,0,0,1,0,0
The Santa Clause 2,139236327.0,172855065.0,29008696.0,65000000.0,104.0,5.6,4.005557951224187,110768122.0,0,0,0,1,0,0,0,0,0,0,1,0,0,0,0
Dr. Dolittle 2,112952899.0,176104344.0,25037039.0,70000000.0,87.0,4.7,4.840619588355682,217611052.41554967,0,0,0,1,0,0,0,0,0,0,0,0,1,0,0
Dr. Dolittle 3,95747843.587544,217611052.41554967,26418055.192739837,50165288.69244535,94.18168613413408,4.0,1.8590388577451966,57776422.22469905,0,0,0,1,0,0,0,0,0,0,0,0,1,0,0
Dr. Dolittle: Tail to the Chief,43218480.559013814,57776422.22469905,6696920.232252914,6000000.0,88.09194893489021,4.0,1.2074169900819318,57776422.22458604,0,0,0,1,0,0,0,0,0,0,0,0,1,0,0
Beverly Hills Cop,234760478.0,316360478.0,15214805.0,14000000.0,105.0,7.3,2.453164678261703,299965036.0,0,0,0,0,0,0,0,0,0,0,0,0,0,0,1
Beverly Hills Cop II,153665036.0,299965036.0,26348555.0,28000000.0,100.0,6.5,7.014517751904557,119208989.0,0,0,0,0,0,0,0,0,0,0,0,0,0,0,1
48 Hrs.,78868508.0,78868508.0,4369868.0,12000000.0,96.0,6.9,7.499127292141522,153518974.0,0,0,0,0,0,0,0,0,0,0,0,0,0,0,1
Father of the Bride,89325780.0,89325780.0,7031146.0,17362236.944755923,105.0,6.5,3.9672272531263477,76594107.0,0,0,0,1,0,0,0,0,0,0,0,0,1,0,0
Speed,121248145.0,350448145.0,14456194.0,30000000.0,116.0,7.2,3.00895980068037,164508066.0,0,0,0,0,0,0,0,0,0,0,0,0,0,0,1
Scary Movie,157019771.0,278019771.0,42346669.0,19000000.0,88.0,6.2,0.9911223365298397,141220678.0,0,0,0,1,0,0,0,0,0,0,0,0,0,0,1
Scary Movie 2,71308997.0,141220678.0,20503356.0,45000000.0,83.0,5.3,2.3053176998843234,220673217.0,0,0,0,1,0,0,0,0,0,0,0,0,0,0,1
Scary Movie 3,110003217.0,220673217.0,49700000.0,48000000.0,84.0,5.5,2.4723300273106226,178262620.0,0,0,0,1,0,0,0,0,0,0,0,0,0,1,0
Scary Movie 4,90710620.0,178262620.0,40222875.0,45000000.0,83.0,5.1,6.995352402855637,78378744.0,0,0,0,1,0,0,0,0,0,0,0,0,0,1,0
The Ring,129128133.0,249348933.0,15015393.0,48000000.0,115.0,7.1,2.4148339801638636,163995949.0,0,0,0,0,0,0,0,1,0,0,0,0,0,1,0
Texas Chainsaw Massacre: The Next Generation,185898.0,185898.0,28235.0,600000.0,87.0,3.3,7.989212646392465,107363905.0,0,0,0,1,0,0,0,0,0,0,0,0,0,0,1
The Texas Chainsaw Massacre,80571655.0,107363905.0,29100000.0,9500000.0,98.0,6.2,2.9706291025825307,51764406.0,0,0,0,0,0,0,0,1,0,0,0,0,0,0,1
Meet the Parents,166244045.0,330444045.0,28623300.0,55000000.0,108.0,7.0,4.2109009767483245,522657936.0,0,0,0,1,0,0,0,0,0,0,0,0,0,1,0
Shanghai Noon,56937502.0,99274467.0,15607034.0,55000000.0,110.0,6.6,2.702314215897657,88323487.0,0,0,0,0,0,0,0,0,0,0,0,0,0,1,0
Anaconda,65885767.0,136885767.0,16620887.0,45000000.0,89.0,4.8,7.378659383834028,70992898.0,0,0,0,0,0,0,0,0,0,0,0,0,0,1,0
Anacondas: The Hunt for the Blood Orchid,32238923.0,70992898.0,12812287.0,20000000.0,97.0,4.7,3.9124691129865776,217611052.41455722,0,0,0,0,0,0,0,0,0,0,0,0,0,1,0
Anaconda 3: Offspring,95747843.58721206,217611052.41455722,26418055.19262405,50165288.692214265,91.0,2.8,0.5941258205165062,217611052.41394925,0,0,0,0,0,0,0,0,0,0,0,0,0,0,1
Behind Enemy Lines,58856790.0,91753202.0,18736133.0,40000000.0,106.0,6.4,4.878950286453521,217611052.41612548,0,0,0,0,0,0,0,0,0,0,0,0,0,1,0
Behind Enemy Lines II: Axis of Evil,95747843.58773658,217611052.41612548,26418055.192806967,50165288.69257889,96.0,4.5,2.223180489674668,217611052.41678342,0,0,0,0,0,0,0,0,0,0,0,0,0,0,1
The Marine,18844784.0,22165608.0,7138774.0,20000000.0,92.0,4.7,3.2115649191975195,217611052.4170919,0,0,0,0,0,0,0,0,0,0,0,0,0,1,0
Walking Tall,46437717.0,57223890.0,15501114.0,46000000.0,86.0,6.3,2.885753985365887,217611052.41367808,0,0,0,0,0,0,0,0,0,0,0,0,0,1,0
Walking Tall: The Payback,95747843.58692142,217611052.41367808,26418055.192520667,50165288.692004114,88.0,4.6,0.5941258205165062,217611052.4169377,0,0,0,0,0,0,0,0,0,0,0,0,0,0,1
Walking Tall: Lone Justice,95747843.58800755,217611052.4169377,26418055.19290189,50165288.692769095,98.63933869160739,4.9,31.992443376660713,217611052.42014298,0,0,0,0,0,0,0,0,0,0,0,0,0,0,1
Walking Tall Part II,95747843.58907698,217611052.42014298,26418055.193276368,50165288.69351854,109.0,6.2,1.924748625912921,217611052.4210549,0,0,0,0,0,0,0,0,0,0,0,0,1,0,0
Vacancy,19363565.0,35442935.0,7603376.0,19000000.0,85.0,6.2,1.7549983914796334,46945602.98954111,0,0,0,0,0,0,0,1,0,0,0,0,0,0,1
Hostel,47326473.0,81979826.0,19556099.0,4800000.0,94.0,5.9,1.418235829620047,35728183.0,0,0,0,0,0,0,0,1,0,0,0,0,0,0,1
Hostel: Part II,17609452.0,35728183.0,8203391.0,10200000.0,94.0,5.5,4.553139352621888,57776422.2246819,0,0,0,0,0,0,0,1,0,0,0,0,0,0,1
Charlie's Angels,125305545.0,264105545.0,40128550.0,93000000.0,98.0,5.5,2.6448181687508985,259175788.0,0,0,0,0,0,0,0,0,0,0,0,0,0,1,0
Bad Boys,65807024.0,141407024.0,15523358.0,19000000.0,119.0,6.9,8.279430789133247,273339556.0,0,0,0,0,0,0,0,0,0,0,0,0,0,0,1
Bad Boys II,138608444.0,273339556.0,46522560.0,130000000.0,147.0,6.6,16.501365531119735,426505244.0,0,0,0,0,0,0,0,0,0,0,0,0,0,0,1
Big Momma's House,117559438.0,173959438.0,25661041.0,30000000.0,99.0,5.2,5.653777969431268,141522961.0,0,0,0,0,0,0,0,0,0,0,0,0,0,1,0
Big Momma's House 2,70165972.0,141522961.0,27736056.0,40000000.0,99.0,4.7,5.059652148914762,82686066.0,0,0,0,1,0,0,0,0,0,0,0,0,0,1,0
Open Season,85105259.0,200811689.0,23624548.0,85000000.0,86.0,6.1,1.9877204870736565,23567610.376915284,0,1,0,0,0,0,0,0,0,0,0,0,1,0,0
Open Season 2,23567610.376915284,23567610.376915284,4063597.5486614546,17275663.48141705,76.0,5.6,2.335434676961197,23115097.182260737,0,1,0,0,0,0,0,0,0,0,0,0,1,0,0
The Grudge,110359362.0,187281115.0,39128715.0,10000000.0,91.0,5.9,1.974030952038714,70711175.0,0,0,0,0,0,0,0,1,0,0,0,0,0,1,0
The Grudge 2,39143839.0,70711175.0,20825300.0,20000000.0,102.0,5.1,2.636604447729933,22571153.77676287,0,0,0,0,0,0,0,1,0,0,0,0,0,1,0
Van Wilder 2: The Rise of Taj,4300645.0,6086508.0,2313372.0,19749183.157966174,97.0,4.9,2.617439098681013,21771891.405160386,0,0,0,1,0,0,0,0,0,0,0,0,0,0,1
The Butterfly Effect,57938693.0,96822421.0,17100000.0,13000000.0,113.0,7.6,2.5462535164993123,20861849.5158321,0,0,0,0,0,1,0,0,0,0,0,0,0,0,1
The Butterfly Effect 2,20861849.5158321,20861849.5158321,3225421.6246609893,16042191.9740368,92.0,4.5,2.9733670095895195,22209429.228220146,0,0,0,0,0,1,0,0,0,0,0,0,0,0,1
Harold & Kumar Go to White Castle,18250550.0,23936908.0,5200000.0,9000000.0,88.0,7.1,3.737243064539313,43495888.0,1,0,0,0,0,0,0,0,0,0,0,0,0,0,1
Harold & Kumar Escape from Guantanamo Bay,38108728.0,43495888.0,14908404.0,12000000.0,114.0,6.6,3.5264242250011977,36192775.0,1,0,0,0,0,0,0,0,0,0,0,0,0,0,1
Hollow Man,73209340.0,190213455.0,26414386.0,95000000.0,112.0,5.8,5.875548436997337,217611052.41459227,0,0,0,0,0,0,0,0,0,0,0,0,0,0,1
Starship Troopers,54814377.0,121214377.0,22058773.0,105000000.0,129.0,7.2,6.488839606562763,61386695.3034177,0,0,0,0,0,0,0,0,0,0,0,0,0,0,1
Starship Troopers 2: Hero of the Federation,44404544.59212519,61386695.3034177,7142690.210318685,7000000.0,92.0,3.5,4.254707488860141,21542981.619210474,0,0,0,0,0,0,0,0,0,0,0,0,0,0,1
Ice Age,176387405.0,383257136.0,46312454.0,59000000.0,81.0,7.5,4.043888649322025,667094506.0,0,1,0,0,0,0,0,0,0,0,0,0,1,0,0
Ice Age: The Meltdown,195330621.0,667094506.0,68033544.0,80000000.0,91.0,6.8,3.252633524302347,886686817.0,0,1,0,0,0,0,0,0,0,0,0,0,1,0,0
Ice Age: Dawn of the Dinosaurs,196573705.0,886686817.0,41690382.0,90000000.0,94.0,6.9,2.398406538121933,217611052.39473626,0,1,0,0,0,0,0,0,0,0,0,0,1,0,0
Ice Age: A Mammoth Christmas,95747843.58061391,217611052.39473626,26418055.190304488,50165288.68755324,26.0,6.5,0.6351944256213338,877244782.0,0,1,0,0,0,0,0,0,0,0,0,0,0,0,0
Madagascar,193595521.0,542063846.0,47224594.0,75000000.0,86.0,6.9,3.4497628288055195,603900354.0,0,1,0,0,0,0,0,0,0,0,0,0,1,0,0
Madagascar: Escape 2 Africa,180010950.0,603900354.0,63106589.0,150000000.0,89.0,6.6,3.5839202721479566,746921274.0,0,1,0,0,0,0,0,0,0,0,0,0,1,0,0
Kung Fu Panda,215434591.0,631746197.0,60239130.0,130000000.0,92.0,7.5,2.9678911955755423,665692281.0,0,1,0,0,0,0,0,0,0,0,0,0,1,0,0
The Lion King,422783777.0,968511805.0,1586753.0,45000000.0,88.0,8.5,4.342320513083773,217611052.4115763,0,1,0,0,0,0,0,0,0,0,1,0,0,0,0
The Lion King II: Simba's Pride,95747843.58622363,217611052.4115763,26418055.192274243,50165288.69150674,81.0,6.5,5.289636337501797,20528413.557873435,0,1,0,0,0,0,0,0,0,0,1,0,0,0,0
The Little Mermaid,111543479.0,274227442.0,6031914.0,40000000.0,83.0,7.6,10.839373840667502,217611052.40971956,0,1,0,0,0,0,0,0,0,0,1,0,0,0,0
The Little Mermaid 2: Return to the Sea,95747843.58560401,217611052.40971956,26418055.19205734,50165288.69107271,75.0,5.6,7.931716599245707,217611052.41034728,0,1,0,0,0,0,0,0,0,0,1,0,0,0,0
The Prince and Me,28176497.0,37666766.0,9406378.0,22000000.0,111.0,5.9,1.8891558348220703,217611052.4161666,0,0,0,1,0,0,0,0,0,0,0,0,1,0,0
The Prince & Me II: The Royal Wedding,95747843.58775003,217611052.4161666,26418055.192811865,50165288.692589246,96.16286504856667,4.4,2.6831488668487373,217611052.41489407,0,0,0,1,0,0,0,0,0,0,0,0,1,0,0
The Prince & Me 3: A Royal Honeymoon,95747843.58732599,217611052.41489407,26418055.192663025,50165288.69229044,92.0,4.2,1.3990704805711274,45140466.45115751,0,0,0,1,0,0,0,0,0,0,0,0,1,0,0
The Prince & Me: The Elephant Adventure,39067256.4438568,45140466.45115751,5136725.309189487,2500000.0,93.0,4.6,8.635358700041753,165335153.0,0,0,0,1,0,0,0,0,0,0,0,0,1,0,0
The Princess Diaries,108248956.0,165335153.0,22862269.0,26000000.0,111.0,6.3,3.0226493357153124,134734481.0,0,0,0,1,0,0,0,0,0,0,1,0,0,0,0
Bridget Jones's Diary,71543427.0,281929795.0,10733933.0,25000000.0,97.0,6.7,3.6030856211968763,265126918.0,0,0,0,1,0,0,0,0,0,0,0,0,0,0,1
Bridget Jones: The Edge of Reason,40226215.0,265126918.0,8684055.0,40000000.0,108.0,6.0,11.825020363183365,211952420.0,0,0,0,1,0,0,0,0,0,0,0,0,0,0,1
Mulan,120620254.0,304320254.0,22745143.0,90000000.0,88.0,7.6,6.497053327583728,217611052.41094655,0,1,0,0,0,0,0,0,0,0,1,0,0,0,0
Bambi,102247150.0,267447150.0,7216741.0,41640317.69238102,70.0,7.3,63.4674223290006,34958637.0,0,1,0,0,0,0,0,0,0,0,1,0,0,0,0
The Bourne Identity,121661683.0,214034224.0,27118640.0,60000000.0,119.0,7.9,2.1081883953811507,290835269.0,0,0,0,0,0,0,0,0,0,0,0,0,0,1,0
The Bourne Supremacy,176241941.0,290835269.0,52521865.0,75000000.0,108.0,7.7,3.0281251497292896,444100035.0,0,0,0,0,0,0,0,0,0,0,0,0,0,1,0
The Bourne Ultimatum,227471070.0,444100035.0,69283690.0,110000000.0,115.0,8.0,5.021321450816923,276144750.0,0,0,0,0,0,0,0,0,0,0,0,0,0,1,0
The Fox and the Hound,63456988.0,63456988.0,4819215.0,12000000.0,83.0,7.3,25.421466559888295,122761337.63213387,0,1,0,0,0,0,0,0,0,0,1,0,0,0,0
Brother Bear,85336277.0,250397798.0,291940.0,128000000.0,85.0,6.8,2.8090925891702088,217611052.41894248,0,1,0,0,0,0,0,0,0,0,1,0,0,0,0
Class of 1999,2459895.0,2459895.0,767620.0,5200000.0,99.0,5.9,4.161618650622532,217611052.41336754,0,0,0,0,0,0,0,0,0,0,0,0,0,0,1
Green Lantern: First Flight,40253320.47725636,48750739.530642614,5582495.287320121,3500000.0,103.10147461467025,7.1,1.8590388577451966,48750739.53047317,0,1,0,0,0,0,0,0,0,0,0,0,0,1,0
Halloween,47000000.0,47000000.0,5970052.623163903,325000.0,91.0,7.8,3.00895980068037,25533818.0,0,0,0,0,0,0,0,1,0,0,0,0,0,0,1
Halloween II,25533818.0,25533818.0,7446508.0,2500000.0,92.0,6.5,0.9774328014948972,14400000.0,0,0,0,0,0,0,0,1,0,0,0,0,0,0,1
Halloween III: Season of the Witch,14400000.0,14400000.0,6333259.0,2500000.0,98.0,4.9,5.99875425231182,17768757.0,0,0,0,0,0,0,0,1,0,0,0,0,0,0,1
Halloween 4: The Return of Michael Myers,17768757.0,17768757.0,6831250.0,5000000.0,88.0,5.9,0.9774328014948972,11642254.0,0,0,0,0,0,0,0,1,0,0,0,0,0,0,1
Halloween 5: The Revenge of Michael Myers,11642254.0,11642254.0,5093428.0,5000000.0,96.0,5.2,5.960423554213981,15116634.0,0,0,0,0,0,0,0,1,0,0,0,0,0,0,1
Halloween: The Curse of Michael Myers,15116634.0,15116634.0,7308529.0,5000000.0,87.0,4.9,2.8501611942750364,55041738.0,0,0,0,0,0,0,0,1,0,0,0,0,0,0,1
Halloween H20: 20 Years Later,55041738.0,55041738.0,16187724.0,17000000.0,86.0,5.8,3.9343723690424857,37664855.0,0,0,0,0,0,0,0,1,0,0,0,0,0,0,1
Joy Ride,21974919.0,36642838.0,7347259.0,23000000.0,97.0,6.6,7.006304030883591,54166149.146713674,0,0,0,0,0,0,0,0,0,0,0,0,0,0,1
Wrong Turn,15418790.0,28650575.0,5161498.0,12600000.0,84.0,6.1,4.361485862132692,50555876.068633094,0,0,0,0,0,0,0,1,0,0,0,0,0,0,1
Wrong Turn 2: Dead End,40846352.49330139,50555876.068633094,5805380.276237228,4000000.0,93.0,5.5,2.0315269991854725,46945602.9902007,0,0,0,0,0,0,0,1,0,0,0,0,0,0,1
Wrong Turn 3: Left for Dead,39660288.46029514,46945602.9902007,5359610.298195651,3000000.0,92.0,4.6,2.0123616501365533,46945602.99031161,0,0,0,0,0,0,0,1,0,0,0,0,0,0,0
Wishmaster,15738769.0,15738769.0,6038516.0,5000000.0,90.0,5.8,1.9931963010876335,45140466.45149754,0,0,0,0,0,0,1,0,0,0,0,0,0,0,1
Wishmaster 2: Evil Never Dies,39067256.44398376,45140466.45149754,5136725.309218236,2500000.0,96.0,5.1,2.0999746743601855,217611052.41396236,0,0,0,0,0,0,1,0,0,0,0,0,0,0,1
Wishmaster 3: Beyond the Gates of Hell,95747843.58701488,217611052.41396236,26418055.192554228,50165288.69207295,89.0,3.6,0.9965981505438167,217611052.41427732,0,0,0,0,0,0,1,0,0,0,0,0,0,0,1
The Naked Gun: From the Files of Police Squad!,78756177.0,78756177.0,9331746.0,12000000.0,85.0,7.6,2.5681567725552203,86930411.0,0,0,0,1,0,0,0,0,0,0,0,0,0,1,0
Marley & Me,143153751.0,255743093.0,36357586.0,60000000.0,111.0,7.1,2.431261422205795,217611052.41477865,0,0,0,1,0,0,0,0,0,0,0,0,1,0,0
Beverly Hills Chihuahua,94514402.0,149292488.0,29300465.0,20000000.0,91.0,3.8,2.32995886294722,79438060.69475076,1,0,0,0,0,0,0,0,0,0,0,0,1,0,0
Night at the Museum,250863268.0,574480841.0,30433781.0,110000000.0,108.0,6.4,2.4148339801638636,413106170.0,1,0,0,0,0,0,0,0,0,0,0,0,1,0,0
Beauty and the Beast,218967620.0,440118382.0,162146.0,25000000.0,84.0,8.0,5.971375182241935,217611052.40880975,0,1,0,0,0,0,0,0,0,0,1,0,0,0,0
Cinderella,93141149.0,95126722.0,1300000.0,2900000.0,74.0,7.3,51.98464034169079,54166149.14471586,0,1,0,0,0,0,0,0,0,0,1,0,0,0,0
Cinderella II: Dreams Come True,42032416.52543211,54166149.14471586,6251150.254080107,5000000.0,73.0,5.0,4.944660054621245,64996968.37976478,0,1,0,0,0,0,0,0,0,0,1,0,0,0,0
Cinderella III: A Twist in Time,45590608.62435687,64996968.37976478,7588460.188183872,8000000.0,74.0,5.9,2.5599430515342547,70067909.0,0,1,0,0,0,0,0,0,0,0,1,0,0,0,0
Hellraiser,14564027.0,14575193.0,4453232.0,1000000.0,94.0,7.0,1.2649130372286905,12090735.0,0,0,0,0,0,0,0,1,0,0,0,0,0,0,1
Hellraiser III: Hell on Earth,12534961.0,12534961.0,3208009.0,5000000.0,97.0,5.5,3.488093526903359,9336886.0,0,0,0,0,0,0,0,1,0,0,0,0,0,0,1
Hellraiser: Bloodline,9336886.0,9336886.0,4505036.0,4000000.0,85.0,5.2,4.572304701670808,43335329.91268201,0,0,0,0,0,0,0,1,0,0,0,0,0,0,1
Hellraiser: Inferno,38474224.42763049,43335329.91268201,4913840.320231319,2000000.0,99.0,5.5,2.0315269991854725,46945602.98954111,0,0,0,0,1,0,0,0,0,0,0,0,0,0,1
Hellraiser: Hellseeker,39660288.460050076,46945602.98954111,5359610.298139859,3000000.0,86.0,5.0,2.6448181687508985,43335329.91144733,0,0,0,0,0,0,0,1,0,0,0,0,0,0,1
Hellraiser: Deader,38474224.42717018,43335329.91144733,4913840.320126914,2000000.0,88.0,4.5,0.24914953763595418,46945602.99008398,0,0,0,0,0,0,0,1,0,0,0,0,0,0,1
Hellraiser: Hellworld,39660288.460251346,46945602.99008398,5359610.298185785,3000000.0,91.0,4.2,6.113746346605337,37378379.33077057,0,0,0,0,0,0,0,1,0,0,0,0,0,0,1
Candyman,25792310.0,25794159.0,5404320.0,6000000.0,99.0,6.6,2.4148339801638636,13940383.0,0,0,0,0,0,0,0,1,0,0,0,0,0,0,1
Candyman: Farewell to the Flesh,13940383.0,13940383.0,6046825.0,21679869.399484754,95.0,5.3,4.865260751418578,217611052.41519588,0,0,0,0,0,0,0,1,0,0,0,0,0,0,1
Jeepers Creepers,37904175.0,59371303.0,13106108.0,10000000.0,90.0,6.2,1.9931963010876335,63102666.0,0,0,0,0,0,0,0,1,0,0,0,0,0,0,1
Jeepers Creepers 2,35667218.0,63102666.0,15269324.0,17000000.0,106.0,5.6,14.179620389193481,4017852.0,0,0,0,0,0,0,0,1,0,0,0,0,0,0,1
Boogeyman,46752382.0,67192859.0,19020655.0,20000000.0,89.0,4.2,2.924084683463726,22607498.28655708,0,0,0,0,0,1,0,0,0,0,0,0,0,1,0
Boogeyman 2,22607498.28655708,22607498.28655708,1680004.5232997206,4500000.0,93.0,5.1,1.034928848641656,20582135.490543336,0,0,0,0,0,1,0,0,0,0,0,0,0,0,0
Boogeyman II,95747843.58598134,217611052.4108656,26418055.192192495,50165288.69134925,79.0,2.0,10.6970026763041,217611052.40993384,0,0,0,0,0,0,0,1,0,0,0,0,0,0,1
The Prophecy,16115878.0,16115878.0,7510332.0,8000000.0,98.0,6.5,2.387454910093979,217611052.4133982,0,0,0,0,0,0,0,0,0,0,0,0,0,0,1
The Prophecy II,95747843.58682968,217611052.4133982,26418055.192487564,50165288.69193592,87.0,5.8,2.14651909347899,217611052.4180171,0,0,0,0,0,0,1,0,0,0,0,0,0,0,1
The Prophecy 3: The Ascent,95747843.58836803,217611052.4180171,26418055.193027906,50165288.69302085,102.10640179186441,5.6,5.232140290355038,217611052.41369122,0,0,0,0,0,0,1,0,0,0,0,0,0,0,1
The Prophecy: Uprising,95747843.58692655,217611052.41369122,26418055.192522023,50165288.69200596,88.0,5.2,0.24914953763595418,217611052.40969762,0,0,0,0,0,0,0,0,0,1,0,0,0,0,1
Street Kings,26418667.0,66476363.0,12469631.0,20000000.0,109.0,6.8,3.019911428708324,217611052.4149072,0,0,0,0,0,0,0,0,0,0,0,0,0,0,1
S.W.A.T.,116934650.0,207725639.0,37062535.0,80000000.0,117.0,6.0,7.562099153302258,64996968.382079735,0,0,0,0,0,0,0,0,0,0,0,0,0,1,0
Step Up,65328121.0,114197742.0,20659573.0,12000000.0,104.0,6.5,1.5113246678576562,150988382.0,0,0,0,0,1,0,0,0,0,0,0,0,0,1,0
Step Up 2: The Streets,58017783.0,150988382.0,18908826.0,17500000.0,98.0,6.2,2.475067934317611,159291809.0,0,0,0,0,0,1,0,0,0,0,0,0,0,1,0
Step Up 3D,42400223.0,159291809.0,15812311.0,30000000.0,107.0,6.2,1.974030952038714,140470746.0,0,0,0,0,0,1,0,0,0,0,0,0,0,1,0
Save the Last Dance,91057006.0,131706809.0,23444930.0,13000000.0,112.0,6.2,6.554549374730487,54166149.146605715,0,0,0,0,0,1,0,0,0,0,0,0,0,1,0
The Karate Kid,91077276.0,91119319.0,5031753.0,8000000.0,126.0,7.3,1.9931963010876335,115103979.0,0,0,0,0,0,0,0,0,0,0,0,0,1,0,0
The Karate Kid Part II,115103979.0,115103979.0,12652336.0,19918725.505467393,113.0,6.1,3.0281251497292896,38956288.0,0,0,0,0,0,0,0,0,0,0,0,0,1,0,0
The Mummy,155385488.0,415933406.0,43369635.0,80000000.0,124.0,7.0,1.9931963010876335,443280904.0,0,0,0,0,0,0,0,0,0,0,0,0,0,1,0
The Mummy Returns,202019785.0,443280904.0,68139035.0,98000000.0,130.0,6.4,7.244501940491591,403449830.0,0,0,0,0,0,0,0,0,0,0,0,0,0,1,0
The Scorpion King,91047077.0,180630907.0,36075875.0,60000000.0,92.0,5.5,6.335516814171407,217611052.42009038,0,0,0,0,0,0,0,0,0,0,0,0,0,1,0
Alvin and the Chipmunks,217326974.0,365352546.0,44307417.0,60000000.0,92.0,5.2,2.0260511851714957,443140005.0,0,1,0,0,0,0,0,0,0,0,0,0,1,0,0
Alvin and the Chipmunks: The Squeakquel,219614612.0,443140005.0,48875415.0,75000000.0,88.0,4.5,1.979506766052691,342695435.0,0,1,0,0,0,0,0,0,0,0,0,0,1,0,0
Mimic,25480490.0,25480490.0,7818208.0,30000000.0,105.0,6.0,3.901517484958623,21296869.207689904,0,0,0,0,0,0,0,1,0,0,0,0,0,0,1
Analyze This,106885658.0,176885658.0,18383507.0,80000000.0,103.0,6.7,3.7564084135882325,55003135.0,0,0,0,1,0,0,0,0,0,0,0,0,0,0,1
The Whole Nine Yards,57262492.0,106371651.0,13731070.0,41300000.0,98.0,6.7,4.139715394566624,26170671.0,0,0,0,1,0,0,0,0,0,0,0,0,0,0,1
Sniper,18994653.0,18994653.0,5715435.0,21087128.74608482,98.0,6.1,14.959923886185205,54166149.14705387,0,0,0,0,0,0,0,0,0,0,0,0,0,0,1
Sex and the City,152647258.0,418765321.0,57038404.0,65000000.0,145.0,5.6,1.990458394080645,290745055.0,0,0,0,1,0,0,0,0,0,0,0,0,0,0,1
Wayne's World,121697323.0,183097323.0,18122710.0,20000000.0,94.0,7.0,1.8207081596473575,48198564.0,0,0,0,1,0,0,0,0,0,0,0,0,0,1,0
The Pink Panther,82226474.0,164115897.0,20220412.0,80000000.0,93.0,5.7,2.9897944516314503,76025134.0,1,0,0,0,0,0,0,0,0,0,0,0,1,0,0
A Nightmare on Elm Street,25504513.0,25504513.0,1271000.0,1800000.0,91.0,7.5,0.9582674524459777,29999213.0,0,0,0,0,0,0,0,1,0,0,0,0,0,0,0
A Nightmare on Elm Street 2: Freddy's Revenge,29999213.0,29999213.0,2865475.0,3000000.0,87.0,5.5,1.3224090843754492,44793222.0,0,0,0,0,0,0,0,1,0,0,0,0,0,0,1
A Nightmare on Elm Street 3: Dream Warriors,44793222.0,44793222.0,8880555.0,4500000.0,96.0,6.6,1.4757318767668055,49369899.0,0,0,0,0,0,0,1,0,0,0,0,0,0,0,1
A Nightmare on Elm Street 4: The Dream Master,49369899.0,49369899.0,12833403.0,13000000.0,93.0,5.7,0.9774328014948972,22168359.0,0,0,0,0,0,0,0,1,0,0,0,0,0,0,1
Friday the 13th,39754601.0,39754601.0,5816321.0,550000.0,95.0,6.5,0.9746948944879087,21722776.0,0,0,0,0,0,0,0,1,0,0,0,0,0,0,1
Friday the 13th Part 2,21722776.0,21722776.0,6429784.0,1250000.0,87.0,6.1,1.2868162932845986,36690067.0,0,0,0,0,0,0,0,1,0,0,0,0,0,0,1
Friday the 13th Part III,36690067.0,36690067.0,9406522.0,2300000.0,95.0,5.7,1.667385367256001,32980880.0,0,0,0,0,0,0,0,1,0,0,0,0,0,0,1
Friday the 13th: The Final Chapter,32980880.0,32980880.0,11183148.0,2600000.0,91.0,6.0,0.9391021033970581,21930418.0,0,0,0,0,0,0,0,1,0,0,0,0,0,0,1
Friday the 13th: A New Beginning,21930418.0,21930418.0,8032883.0,2200000.0,92.0,4.8,1.3607397824732883,19472057.0,0,0,0,0,0,0,0,1,0,0,0,0,0,0,1
Friday the 13th Part VI: Jason Lives,19472057.0,19472057.0,6750837.0,3000000.0,86.0,6.0,1.7823774615495185,19170001.0,0,0,0,0,0,0,0,1,0,0,0,0,0,0,1
Friday the 13th Part VII: The New Blood,19170001.0,19170001.0,8245038.0,2800000.0,88.0,5.3,1.2074169900819318,14343976.0,0,0,0,0,0,0,0,1,0,0,0,0,0,0,1
Pirates of the Caribbean: The Curse of the Black Pearl,305413918.0,654264015.0,46630690.0,140000000.0,143.0,8.0,2.9952702656454275,1066179747.0,0,0,0,0,0,0,0,0,0,0,0,0,0,1,0
Pirates of the Caribbean: Dead Man's Chest,423315812.0,1066179747.0,135634554.0,225000000.0,151.0,7.3,0.8816060562502994,960996492.0,0,0,0,0,0,0,0,0,0,0,0,0,0,1,0
Pirates of the Caribbean: At World's End,309420425.0,960996492.0,114732820.0,300000000.0,169.0,7.1,3.986392602175267,1045713802.0,0,0,0,0,0,0,0,0,0,0,0,0,0,1,0
Lara Croft: Tomb Raider,131168070.0,274703340.0,47735743.0,115000000.0,100.0,5.8,2.1081883953811507,160099222.0,0,0,0,0,0,0,0,0,0,0,0,0,0,1,0
The Godfather,134966411.0,246120974.0,302393.0,6000000.0,175.0,9.2,2.735169099981519,48035783.0,0,0,0,0,1,0,0,0,0,0,0,0,0,0,1
The Godfather: Part II,47834595.0,48035783.0,171417.0,13000000.0,202.0,9.0,16.01949389788976,136766062.0,0,0,0,0,1,0,0,0,0,0,0,0,0,0,1
Ocean's Eleven,183417150.0,450717150.0,38107822.0,85000000.0,116.0,7.7,3.00895980068037,362744280.0,0,0,0,0,1,0,0,0,0,0,0,0,0,1,0
Ocean's Twelve,125544280.0,362744280.0,39153380.0,110000000.0,125.0,6.5,2.4914953763595418,311312624.0,0,0,0,0,1,0,0,0,0,0,0,0,0,1,0
Planet of the Apes,32589624.0,32599045.0,4324565.485062254,5800000.0,112.0,8.0,2.1437811864720016,18999718.0,1,0,0,0,0,0,0,0,0,0,1,0,0,0,0
Arthur and the Invisibles,15132763.0,108605609.0,17073704.492587898,86000000.0,94.0,6.0,2.8884918923728757,52377611.0,0,1,0,0,0,0,0,0,0,0,0,0,1,0,0
Arthur et la vengeance de Maltazard,38626047.859111845,52377611.0,8728318.638188522,24140332.80791076,107.0,5.3,0.8624407072013799,33885979.0,0,1,0,0,0,0,0,0,0,0,0,0,1,0,0
Cheaper by the Dozen,138614544.0,190538630.0,27557647.0,40000000.0,98.0,5.9,1.990458394080645,130154568.0,0,0,0,1,0,0,0,0,0,0,0,0,1,0,0
Ace Ventura: Pet Detective,72217396.0,107217396.0,12115105.0,15000000.0,86.0,6.9,1.7632121125005988,212385533.0,0,0,0,1,0,0,0,0,0,0,0,0,0,1,0
Nanny McPhee,47144110.0,123276807.0,14503650.0,25000000.0,97.0,6.5,4.561353073642854,93251121.0,0,0,0,1,0,0,0,0,0,0,0,0,1,0,0
The Expendables,103068524.0,274470394.0,34825135.0,80000000.0,103.0,6.5,2.0123616501365533,314975955.0,0,0,0,0,0,0,0,0,0,0,0,0,0,0,1
G.I. Joe: The Rise of Cobra,150201498.0,302469017.0,54713046.0,175000000.0,118.0,5.8,3.6386784122877267,375740705.0,0,0,0,0,0,0,0,0,0,0,0,0,0,1,0
Turbulence,11538235.0,11538235.0,4464008.0,55000000.0,100.0,4.9,2.9596774745545766,217611052.41764963,0,0,0,0,0,0,0,0,0,0,0,0,0,0,1
Turbulence 2: Fear of Flying,95747843.58824392,217611052.41764963,26418055.19298534,50165288.69293736,101.0,4.2,1.2676509442356791,217611052.4161057,0,0,0,0,0,0,0,0,0,0,0,0,0,0,1
Universal Soldier,36299898.0,36299898.0,10057084.0,23000000.0,102.0,6.0,7.110344497149154,10667893.0,0,0,0,0,0,0,0,0,0,0,0,0,0,0,1
Universal Soldier: The Return,10667893.0,10667893.0,4605167.0,45000000.0,83.0,4.2,13.183022238649665,1402307.0,0,0,0,0,0,0,0,0,0,0,0,0,0,0,1
Dungeons & Dragons,15391970.0,33978694.0,7237422.0,45000000.0,107.0,3.6,11.96191571353279,217611052.41632086,0,0,0,0,0,0,0,0,0,0,0,0,0,1,0
The Librarian: Quest for the Spear,95747843.5873439,217611052.41494003,26418055.192667756,50165288.69229685,92.0,6.3,1.9931963010876335,217611052.41494003,0,0,0,0,0,0,0,0,0,0,0,0,0,0,0
The Librarian: Return to King Solomon's Mines,95747843.5873439,217611052.41494003,26418055.192667756,50165288.69229685,92.0,6.3,2.0123616501365533,217611052.41433197,0,0,0,0,0,0,0,0,0,0,0,0,0,0,0
Elizabeth,30082699.0,82150642.0,275131.0,30000000.0,124.0,7.4,8.643572421062718,75782758.0,0,0,1,0,0,0,0,0,0,0,0,0,0,0,1
Harry Potter and the Sorcerer's Stone,318087620.0,1006504505.0,90294621.0,125000000.0,152.0,7.6,0.9965981505438167,879594122.0,1,0,0,0,0,0,0,0,0,0,0,0,1,0,0
Harry Potter and the Chamber of Secrets,262450136.0,879594122.0,88357488.0,100000000.0,161.0,7.4,1.5523932729624839,796205043.0,1,0,0,0,0,0,0,0,0,0,0,0,1,0,0
Harry Potter and the Prisoner of Azkaban,249975996.0,796205043.0,93687367.0,130000000.0,142.0,7.9,1.456566527717886,896413828.0,1,0,0,0,0,0,0,0,0,0,0,0,1,0,0
Harry Potter and the Goblet of Fire,290417905.0,896413828.0,102685961.0,150000000.0,157.0,7.7,1.6427442041931046,942148886.0,1,0,0,0,0,0,0,0,0,0,0,0,0,1,0
Harry Potter and the Order of the Phoenix,292353413.0,942148886.0,77108414.0,150000000.0,138.0,7.5,2.0123616501365533,934419775.0,0,0,0,0,0,0,0,0,0,0,0,0,0,1,0
Harry Potter and the Half-Blood Prince,302305431.0,934419775.0,77835727.0,250000000.0,153.0,7.6,1.3470502474383457,976966384.0,0,0,0,0,0,0,0,0,0,0,0,0,1,0,0
Harry Potter and the Deathly Hallows: Part 1,296347721.0,976966384.0,125017372.0,196503753.71534753,146.0,7.7,0.6516218676632648,1342193107.0,1,0,0,0,0,0,0,0,0,0,0,0,0,1,0
The Boondock Saints,30471.0,30471.0,19930.0,6000000.0,108.0,7.8,9.88932010924249,10629321.0,0,0,0,0,0,0,0,0,0,0,0,0,0,0,1
Dirty Dancing,64577242.0,217892629.0,3900000.0,6000000.0,100.0,7.0,16.520530880168653,27685016.0,0,0,0,0,0,1,0,0,0,0,0,0,0,1,0
Love's Enduring Promise,95747843.5902066,217611052.42353073,26418055.193672348,50165288.69431199,120.0,7.1,1.034928848641656,217611052.41373715,0,0,0,0,0,1,0,0,0,0,0,0,0,0,0
Love's Long Journey,95747843.58694443,217611052.41373715,26418055.192526747,50165288.69201237,88.0,7.3,1.3415744334243687,217611052.41434515,0,0,0,0,0,1,0,0,0,0,0,0,0,0,0
Love's Unending Legacy,95747843.58714671,217611052.41434515,26418055.192597926,50165288.692155525,90.0,7.1,0.689952565761104,217611052.41434515,0,0,0,0,0,1,0,0,0,0,0,0,0,0,0
Ghost Rider,115802596.0,228738393.0,45388836.0,110000000.0,110.0,5.2,5.002156101768003,132563930.0,0,0,0,0,0,0,0,0,0,0,0,0,0,1,0
Exorcist II: The Heretic,30749142.0,30749142.0,6735000.0,14000000.0,117.0,3.8,13.166594796607733,39024251.0,0,0,0,0,0,0,0,1,0,0,0,0,0,0,1
The X Files,83898313.0,189176423.0,30138758.0,66000000.0,121.0,7.0,10.100138948780605,69363381.0,0,0,0,0,0,1,0,0,0,0,0,0,0,1,0
Les visiteurs,659810.0,659810.0,24792.0,17977156.39150425,107.0,7.1,1.7057160653538403,146072.0,0,0,0,1,0,0,0,0,0,0,0,0,0,0,1
Battle Royale,22301012.794445004,22301012.794445004,1608679.775382944,4500000.0,114.0,7.6,2.5489914235063007,26832535.09311273,0,0,0,0,0,0,0,0,0,0,0,0,0,0,0
Happy Feet,198000317.0,384336108.0,41533432.0,100000000.0,108.0,6.4,5.002156101768003,159197038.0,0,1,0,0,0,0,0,0,0,0,0,0,1,0,0
Look Who's Talking,140088813.0,296999813.0,12107784.0,7500000.0,93.0,5.9,1.1690862919840928,47789074.0,0,0,0,1,0,0,0,0,0,0,0,0,0,1,0
Look Who's Talking Too,47789074.0,47789074.0,8100640.0,20971286.86545421,81.0,4.7,2.8939677063868525,10340263.0,0,0,0,1,0,0,0,0,0,0,0,0,0,1,0
Legally Blonde,96520674.0,141774679.0,20377426.0,18000000.0,96.0,6.3,1.968555138024737,124914842.0,0,0,0,1,0,0,0,0,0,0,0,0,0,1,0
American Psycho,15070285.0,34266564.0,4961015.0,7000000.0,101.0,7.6,2.1547328144999556,72217514.53790331,0,0,0,1,0,0,0,0,0,0,0,0,0,0,1
Scooby-Doo,153294164.0,275650703.0,54155312.0,84000000.0,89.0,5.1,1.7823774615495185,181216833.0,1,0,0,0,0,0,0,0,0,0,0,0,1,0,0
Home Alone,285761243.0,477063114.0,17081997.0,18000000.0,103.0,7.6,2.0123616501365533,365154932.0,0,0,0,1,0,0,0,0,0,0,0,0,1,0,0
Home Alone 2: Lost in New York,173585516.0,365154932.0,31126882.0,28000000.0,120.0,6.8,5.059652148914762,79082515.0,1,0,0,0,0,0,0,0,0,0,0,0,1,0,0
The Wonderful World of Disney,95747843.59020998,217611052.4235394,26418055.19367324,50165288.694313206,120.0,7.5,5.097982847012601,217611052.41339067,1,0,0,0,0,0,0,0,0,0,0,0,0,0,0
Balto,11348324.0,11349090.0,1519755.0,18399463.817959655,78.0,7.1,6.163028672731131,217611052.4187882,0,1,0,0,0,0,0,0,0,0,1,0,0,0,0
Mesrine Part 1: Killer Instinct,551697.0,31076533.0,152873.0,22702517.938496232,113.0,7.5,0.07666139619567822,321353.0,0,0,0,0,0,0,0,0,0,0,0,0,0,0,1
Paragraf 78,23518087.134070497,23518087.134070497,2483533.378368942,8000000.0,88.0,4.9,0.07939930320266672,21585796.407012857,0,0,0,0,0,0,0,0,0,0,0,0,0,0,0
Epoch,95747843.58800755,217611052.4169377,26418055.19290189,50165288.692769095,98.63933869160739,4.9,2.0123616501365533,217611052.41601253,0,0,0,0,0,0,0,0,1,0,0,0,0,1,0
Short Circuit,40697761.0,40697761.0,5346808.0,15000000.0,98.0,6.7,2.1602086285139324,21630088.0,0,0,0,1,0,0,0,0,0,0,0,0,1,0,0
Pet Sematary,57469467.0,57469467.0,12046179.0,11500000.0,103.0,6.6,3.3539360835609218,17092453.0,0,0,0,0,0,0,1,0,0,0,0,0,0,0,1
The Fly,40456565.0,60632088.0,7007423.0,15000000.0,96.0,7.6,2.4914953763595418,38903179.0,0,0,0,0,0,1,0,0,0,0,0,0,0,0,1
Rush Hour,141186864.0,244721064.0,33001803.0,33000000.0,98.0,7.0,2.874802357337933,347325802.0,0,0,0,0,0,0,0,0,0,0,0,0,0,1,0
Rush Hour 2,226164286.0,347325802.0,67408222.0,90000000.0,90.0,6.6,6.01791960136074,258097122.0,0,0,0,0,0,0,0,0,0,0,0,0,0,1,0
Police Academy,81198894.0,81198894.0,8570007.0,4500000.0,96.0,6.7,1.0157634995927363,55600000.0,0,0,0,1,0,0,0,0,0,0,0,0,0,0,1
Police Academy 2: Their First Assignment,55600000.0,55600000.0,10675896.0,7600000.0,87.0,5.8,0.9774328014948972,43579163.0,0,0,0,1,0,0,0,0,0,0,0,0,0,1,0
Police Academy 3: Back in Training,43579163.0,43579163.0,9049586.0,21978538.361957893,83.0,5.4,1.034928848641656,28061343.0,0,0,0,1,0,0,0,0,0,0,0,0,1,0,0
Police Academy 4: Citizens on Patrol,28061343.0,28061343.0,8482487.0,22589157.04289008,88.0,5.0,0.9582674524459777,19510371.0,0,0,0,1,0,0,0,0,0,0,0,0,1,0,0
Police Academy 5: Assignment: Miami Beach,19510371.0,19510371.0,6106661.0,21351014.494130343,90.0,4.7,0.9774328014948972,11567217.0,0,0,0,1,0,0,0,0,0,0,0,0,1,0,0
Police Academy 6: City Under Siege,11567217.0,11567217.0,4032480.0,12000000.0,84.0,4.5,5.462124478942073,126247.0,0,0,0,1,0,0,0,0,0,0,0,0,1,0,0
Paranormal Activity,107918810.0,193355800.0,77873.0,15000.0,86.0,6.3,1.0157634995927363,177512032.0,0,0,0,0,0,0,0,1,0,0,0,0,0,0,1
Paranormal Activity 2,84752907.0,177512032.0,40678424.0,3000000.0,91.0,5.6,0.9965981505438167,207039844.0,0,0,0,0,0,0,0,1,0,0,0,0,0,0,1
Paranormal Activity 3,104028807.0,207039844.0,52568183.0,5000000.0,83.0,5.8,0.9965981505438167,142802657.0,0,0,0,0,0,0,0,1,0,0,0,0,0,0,1
Smokin' Aces,35787686.0,57232879.0,14638755.0,17000000.0,109.0,6.7,2.9815807306104847,64996968.381083965,0,0,0,0,0,0,0,0,0,0,0,0,0,0,1
Under Siege,83563139.0,156563139.0,15760003.0,35000000.0,103.0,6.5,2.759810263044416,104324083.0,0,0,0,0,0,0,0,0,0,0,0,0,0,0,1
Death Race,36316032.0,76014335.0,12621090.0,45000000.0,105.0,6.4,2.406620259142898,61386695.30392608,0,0,0,0,0,0,0,0,0,0,0,0,0,0,1
Death Race 2,44404544.59231639,61386695.30392608,7142690.210361691,7000000.0,96.15450895531974,5.6,2.006885836122576,59581558.76562378,0,0,0,0,0,0,0,0,0,0,0,0,0,0,1
Atlas Shrugged: Part I,4627375.0,4627375.0,1677000.0,20000000.0,97.0,5.6,1.4948972258157252,3336053.0,0,0,0,0,0,1,0,0,0,0,0,0,0,1,0
National Treasure,173008894.0,347512318.0,35142554.0,100000000.0,131.0,6.9,3.085621196876048,459242249.0,0,0,0,0,0,0,0,0,0,0,0,0,1,0,0
The Hangover,277322503.0,469310836.0,44979319.0,35000000.0,100.0,7.7,1.9712930450317254,586764305.0,0,0,0,1,0,0,0,0,0,0,0,0,0,0,1
The Hangover Part II,254464305.0,586764305.0,85946294.0,80000000.0,102.0,6.4,1.9931963010876335,362000072.0,0,0,0,1,0,0,0,0,0,0,0,0,0,0,1
Deuce Bigalow: Male Gigolo,65538755.0,92938755.0,12224016.0,17000000.0,88.0,5.7,5.672943318480188,45109561.0,0,0,0,1,0,0,0,0,0,0,0,0,0,0,1
Fletch,50612888.0,59612888.0,7022970.0,8000000.0,98.0,6.9,3.7947391116860714,39450960.0,0,0,0,1,0,0,0,0,0,0,0,0,1,0,0
Elite Squad,8744.0,14759148.0,3604.0,4000000.0,115.0,8.1,2.9897944516314503,63618850.0,0,0,0,0,0,0,0,0,0,0,0,0,0,0,1
Kick-Ass,48071303.0,96188903.0,19828687.0,30000000.0,117.0,7.6,3.334770734512002,60795985.0,0,0,0,0,0,0,0,0,0,0,0,0,0,0,1
RED,90380162.0,199006387.0,21761408.0,58000000.0,111.0,7.0,2.759810263044416,148075565.0,0,0,0,0,0,0,0,0,0,0,0,0,0,1,0
Escape from New York,25244626.0,25244626.0,3077228.1189796207,6000000.0,99.0,7.2,15.083129701499688,25477365.0,0,0,0,0,0,0,0,0,0,0,0,0,0,0,1
"Honey, I Shrunk the Kids",130724172.0,222724172.0,14262961.0,18000000.0,93.0,6.4,3.0664558478271284,58662452.0,1,0,0,0,0,0,0,0,0,0,0,0,1,0,0
"Honey, I Blew Up the Kid",58662452.0,58662452.0,11083318.0,40000000.0,89.0,4.9,4.668131446915406,217611052.40940028,1,0,0,0,0,0,0,0,0,0,0,0,1,0,0
Psycho,32000000.0,32036197.0,3436183.1599429324,806947.0,109.0,8.5,22.732841879025578,34725000.0,0,0,0,0,0,0,0,1,0,0,0,0,0,0,1
Fortress,6739141.0,6739141.0,4040711.0,8000000.0,95.0,5.9,6.49431542057674,75827787.61666693,0,0,0,0,0,0,0,0,0,0,0,0,0,0,1
White Noise,56386759.0,91196419.0,24113565.0,10000000.0,101.0,5.5,1.9931963010876335,24380379.88518584,0,0,0,0,0,1,0,0,0,0,0,0,0,1,0
Cocoon,76113124.0,85313124.0,7936427.0,17500000.0,117.0,6.7,3.425121665742623,25024919.0,0,0,0,1,0,0,0,0,0,0,0,0,0,1,0
Magic Mike,113721571.0,167739368.0,39127170.0,7000000.0,110.0,6.1,3.0034839866663927,117813057.0,0,0,0,1,0,0,0,0,0,0,0,0,0,0,1
Red Riding: The Year of Our Lord 1974,151644.0,151644.0,14526.0,9000000.0,102.0,7.0,0.0,148826.0,0,0,0,0,1,0,0,0,0,0,0,0,0,0,0
Red Riding: The Year of Our Lord 1980,148826.0,148826.0,14526.0,13650608.604917832,93.0,7.2,0.0,217611052.41740915,0,0,0,0,1,0,0,0,0,0,0,0,0,0,0
Lilo & Stitch,145794338.0,273144151.0,35260212.0,80000000.0,85.0,7.2,3.1923995701486,217611052.40759155,0,1,0,0,0,0,0,0,0,0,0,0,1,0,0
The Sisterhood of the Traveling Pants,39053061.0,42013878.0,9833340.0,25000000.0,119.0,6.5,3.181447942120646,44352417.0,0,0,0,1,0,0,0,0,0,0,0,0,1,0,0
Bad Santa,60060328.0,76488889.0,12500000.0,23000000.0,92.0,7.0,12.994106655167457,24079268.0,0,0,0,1,0,0,0,0,0,0,0,0,0,0,1
District B13,1200216.0,11169386.0,410000.0,19743758.621596918,84.0,7.2,2.7160037509325994,14103752.0,0,0,0,0,0,0,0,0,0,0,0,0,0,0,1
Taxi,95747843.58673787,217611052.41311815,26418055.192454442,50165288.69186768,86.0,7.0,1.8782042067941163,60726164.0,0,0,0,0,0,0,0,0,0,0,0,0,0,0,0
Miss Congeniality,106807667.0,212742720.0,10046534.0,45000000.0,109.0,6.2,4.251969581853152,101393569.0,0,0,0,0,0,0,0,0,0,0,0,0,0,1,0
Sherlock Holmes,209028679.0,524028679.0,62304277.0,90000000.0,128.0,7.6,1.974030952038714,543848418.0,0,0,0,0,0,0,0,0,0,0,0,0,0,1,0
Star Trek: The Motion Picture,82604699.0,82604699.0,11926421.0,35000000.0,132.0,6.4,2.4887574693525534,78912963.0,1,0,0,0,0,0,0,0,0,0,1,0,0,0,0
Star Trek II: The Wrath of Khan,78912963.0,78912963.0,14347221.0,11200000.0,113.0,7.7,1.9931963010876335,76471046.0,0,0,0,0,0,0,0,0,0,0,0,0,1,0,0
Star Trek III: The Search for Spock,76471046.0,76471046.0,16673295.0,17000000.0,105.0,6.7,2.486019562345565,109713132.0,0,0,0,0,0,0,0,0,0,0,0,0,1,0,0
Star Trek IV: The Voyage Home,109713132.0,109713132.0,16881888.0,25000000.0,119.0,7.3,2.5353018884713583,52210049.0,1,0,0,0,0,0,0,0,0,0,0,0,1,0,0
Star Trek V: The Final Frontier,52210049.0,52210049.0,17375648.0,27800000.0,107.0,5.5,2.4914953763595418,96888996.0,0,0,0,0,0,0,0,0,0,0,0,0,1,0,0
Star Trek VI: The Undiscovered Country,74888996.0,96888996.0,18162837.0,30000000.0,110.0,7.2,2.951463753533611,118071125.0,0,0,0,0,0,0,0,0,0,0,0,0,1,0,0
Star Trek: Generations,75671125.0,118071125.0,23116394.0,35000000.0,118.0,6.6,2.0123616501365533,146027888.0,0,0,0,0,0,0,0,0,0,0,0,0,1,0,0
Star Trek: First Contact,92027888.0,146027888.0,30716131.0,45000000.0,111.0,7.6,2.050692348234392,112587658.0,0,0,0,0,0,0,0,0,0,0,0,0,0,1,0
Star Trek: Insurrection,70187658.0,112587658.0,22052836.0,58000000.0,103.0,6.4,4.005557951224187,67336470.0,0,0,0,0,0,0,0,0,0,0,0,0,1,0,0
Basic Instinct,117727224.0,352927224.0,15129385.0,49000000.0,127.0,7.0,14.029035503809114,38629478.0,0,0,0,0,0,1,0,0,0,0,0,0,0,0,1
Undisputed,12764657.0,14946150.0,4548750.0,20000000.0,96.0,6.2,4.517546561531038,21889210.239316266,0,0,0,0,0,0,0,0,0,0,0,0,0,0,1
Undisputed 2: Last Man Standing,21889210.239316266,21889210.239316266,1597362.7272543116,5000000.0,98.0,7.1,3.2991779434211517,22241673.88950426,0,0,0,0,0,0,0,0,0,0,0,0,0,0,1
Resident Evil: Degeneration,20667197.175331242,20667197.175331242,3165123.278392977,15953456.077580957,97.0,6.5,4.024723300273107,21331281.339156117,0,1,0,0,0,0,0,0,0,0,0,0,0,0,1
The Amazing Spider-Man,262030663.0,757930663.0,62004688.0,230000000.0,136.0,6.9,1.8289218806683232,708982323.0,0,0,0,0,0,0,0,0,0,0,0,0,0,1,0
Machete,26593646.0,45491656.0,11416164.0,10500000.0,105.0,6.6,3.1047865459249677,17496820.0,0,0,0,0,0,0,0,0,0,0,0,0,0,0,1
8MM,36663315.0,96618699.0,14252888.0,40000000.0,123.0,6.5,6.737989144198718,217611052.4191873,0,0,0,0,1,0,0,0,0,0,0,0,0,0,1
The Girl with the Dragon Tattoo,10095170.0,104414200.0,335502.0,13000000.0,152.0,7.8,0.3258109338316324,67153225.0,0,0,0,0,1,0,0,0,0,0,0,0,0,0,1
The Girl Who Played with Fire,7638241.0,67153225.0,904998.0,27188060.373517852,129.0,7.2,0.2108188395381151,44276335.0,0,0,0,0,1,0,0,0,0,0,0,0,0,0,1
Alone in the Dark,5178569.0,12693645.0,2834421.0,20000000.0,99.0,2.4,4.993942380747038,21987318.71680035,0,0,0,0,0,0,0,0,0,0,0,0,0,0,1
BloodRayne,2405420.0,3650275.0,1550000.0,25000000.0,95.0,2.9,2.5462535164993123,21328237.428925738,0,0,0,0,0,0,0,0,0,0,0,0,0,0,1
BloodRayne II: Deliverance,21328237.428925738,21328237.428925738,2311983.1090531694,10000000.0,99.0,2.6,3.6468921333086923,72217514.53689344,0,0,0,0,0,0,0,0,0,0,0,0,0,0,1
In the Name of the King: A Dungeon Siege Tale,4775656.0,13097915.0,3265000.0,60000000.0,127.0,3.8,6.226000533891867,52361012.60808484,0,0,0,0,0,0,0,0,0,0,0,0,0,1,0
In the Name of the King: Two Worlds,41439384.5098896,52361012.60808484,6028265.265277986,4500000.0,96.0,3.1,0.09856465225158627,48750739.528667495,0,0,0,0,0,0,0,0,0,0,0,0,0,0,1
Cube,501818.0,565727.0,57147.0,18022144.588576864,90.0,7.2,4.761220285153015,21759246.2131245,0,0,0,0,0,1,0,0,0,0,0,0,0,0,1
Bad Ass,95747843.58713308,217611052.41431013,26418055.192594323,50165288.69215064,90.0,5.5,1.9493897889758174,55971285.68587515,0,0,0,0,0,0,0,0,0,0,0,0,0,0,1
12 Rounds,12234694.0,17280326.0,5329240.0,22000000.0,108.0,5.6,4.1889977206924165,50555876.06885198,0,0,0,0,0,0,0,0,0,0,0,0,0,1,0
Insidious,54009150.0,99557032.0,13271464.0,1500000.0,103.0,6.8,2.453164678261703,161919318.0,0,0,0,0,0,0,0,1,0,0,0,0,0,1,0
Insidious: Chapter 2,83586447.0,161919318.0,40272103.0,5000000.0,106.0,6.6,1.7248814144027598,112983889.0,0,0,0,0,0,0,0,1,0,0,0,0,0,1,0
Monsters,237301.0,5060438.0,20508.0,500000.0,94.0,6.4,4.3696995831536585,20633641.526501447,1,0,0,0,0,0,0,0,0,0,0,0,0,0,1
Divergent,150947895.0,288885818.0,54607747.0,85000000.0,139.0,6.7,0.9965981505438167,297002527.0,0,0,0,0,0,0,0,0,0,0,0,0,0,1,0
Rio,143619809.0,483866518.0,39225962.0,90000000.0,96.0,6.9,2.9897944516314503,498781117.0,0,1,0,0,0,0,0,0,0,0,1,0,0,0,0
Jarhead,62658220.0,97076152.0,27726210.0,72000000.0,125.0,7.0,8.758564515356236,217611052.41829038,0,0,0,0,0,0,0,0,0,0,0,0,0,0,1
Nymphomaniac: Vol. I,785896.0,13545832.0,158369.0,20002006.43084777,117.0,6.9,0.03833069809783911,4934725.0,0,0,0,0,0,1,0,0,0,0,0,0,0,0,0
The Lego Movie,257760692.0,468060692.0,69050279.0,60000000.0,100.0,7.7,5.002156101768003,192306508.0,0,1,0,0,0,0,0,0,0,0,0,0,1,0,0
Furious 6,238679850.0,788680968.0,97375245.0,160000000.0,130.0,7.1,1.8590388577451966,1515048151.0,0,0,0,0,0,0,0,0,0,0,0,0,0,1,0
The Woman in Black,54333290.0,128955898.0,20874072.0,17000000.0,95.0,6.4,2.913133055435772,48854305.0,0,0,0,0,0,1,0,0,0,0,0,0,0,1,0
The Trip,2030962.0,3945217.0,77904.0,18215242.575440105,112.0,7.0,3.0034839866663927,6132875.0,0,0,0,1,0,0,0,0,0,0,0,0,0,0,0
The Best Man,34102780.0,34573780.0,9031660.0,9000000.0,120.0,6.8,14.067366201906951,72835710.0,0,0,0,1,0,0,0,0,0,0,0,0,0,0,1
Agent Cody Banks,47938330.0,58795814.0,14064317.0,28000000.0,102.0,5.1,0.9965981505438167,28818995.0,0,0,0,0,0,0,0,0,0,0,0,0,1,0,0
Anchorman: The Legend of Ron Burgundy,85288303.0,90649730.0,28416365.0,26000000.0,94.0,7.2,9.443041267103363,173649931.0,0,0,0,1,0,0,0,0,0,0,0,0,0,1,0
Police Story,113164.0,113164.0,25591.0,18014521.8767998,100.0,7.6,2.6831488668487373,217611052.41771317,0,0,0,0,0,0,0,0,0,0,0,0,0,1,0
Supercop,16270600.0,16270600.0,5503176.0,900000.0,96.0,6.9,1.2977679213125526,217611052.41860992,0,0,0,0,0,0,0,0,0,0,0,0,0,0,1
Before Sunrise,5535405.0,5986708.0,1423537.0,2500000.0,101.0,8.1,9.5060131282641,15936507.0,0,0,0,0,0,1,0,0,0,0,0,0,0,0,1
Before Sunset,5820649.0,15936507.0,219425.0,2700000.0,80.0,8.1,8.873556609649754,20994648.0,0,0,0,0,0,1,0,0,0,0,0,0,0,0,1
Asterix and Obelix vs. Caesar,1541261.0,1632567.0,304245.0,18144972.214696717,109.0,6.0,4.944660054621245,128027976.0,1,0,0,0,0,0,0,0,0,0,0,0,0,0,0
Astrix aux jeux olympiques,66088694.60452775,131856927.0,17235548.395342894,36659692.06699641,116.0,5.2,4.345058420090762,61319383.0,1,0,0,0,0,0,0,0,0,0,0,0,0,0,0
Tremors,16667084.0,16667084.0,3731520.0,11000000.0,96.0,7.1,6.220524719877889,50555876.06941672,0,0,0,1,0,0,0,0,0,0,0,0,0,1,0
Tremors II: Aftershocks,40846352.493593425,50555876.06941672,5805380.276303495,4000000.0,100.0,6.0,5.4812898279909925,57776422.226466745,0,0,0,0,0,0,0,0,0,0,0,0,0,1,0
Tremors 3: Back to Perfection,43218480.55967261,57776422.226466745,6696920.232402358,6000000.0,104.0,5.3,2.2505595597445534,54166149.14782572,0,0,0,0,0,0,0,0,0,0,0,0,1,0,0
Transformers: Age of Extinction,245439076.0,1104054072.0,100038390.0,210000000.0,165.0,5.6,2.9843186376174735,605425157.0,0,0,0,0,0,0,0,0,0,0,0,0,0,1,0
Teenage Mutant Ninja Turtles,191204754.0,485004754.0,65575105.0,125000000.0,101.0,5.8,1.8207081596473575,245623848.0,0,0,0,0,0,0,0,0,0,0,0,0,0,1,0
The Equalizer,101530738.0,192330738.0,34137828.0,55000000.0,132.0,7.2,3.813904460734991,190400157.0,0,0,0,0,0,0,0,0,0,0,0,0,0,0,1
The Hunger Games,408010692.0,694394724.0,152535747.0,78000000.0,142.0,7.2,1.667385367256001,865011746.0,0,0,0,0,0,0,0,0,0,0,0,0,0,1,0
The Hunger Games: Catching Fire,424668047.0,865011746.0,158074286.0,130000000.0,146.0,7.5,0.9965981505438167,755356711.0,0,0,0,0,0,0,0,0,0,0,0,0,0,1,0
The Hunger Games: Mockingjay - Part 1,337135885.0,755356711.0,121897634.0,125000000.0,123.0,6.6,0.9965981505438167,658344137.0,0,0,0,0,0,0,0,0,0,0,0,0,0,1,0
Ride Along,134938200.0,154468902.0,41516170.0,25000000.0,99.0,6.2,1.9931963010876335,124608438.0,0,0,0,0,0,0,0,0,0,0,0,0,0,1,0
The Muppet Movie,65810475.0,65810475.0,12879356.220828252,23397186.71673522,95.0,7.6,5.059652148914762,25534703.0,1,0,0,0,0,0,0,0,0,0,1,0,0,0,0
A Haunted House,40041683.0,60159584.0,18101682.0,2500000.0,86.0,5.0,1.2649130372286905,25358716.0,0,0,0,1,0,0,0,0,0,0,0,0,0,0,1
Think Like a Man,91547205.0,96070507.0,33636303.0,12000000.0,123.0,6.5,2.1656844425279096,70181428.0,0,0,0,1,0,0,0,0,0,0,0,0,0,1,0
Into the Blue,18801234.0,46117696.0,7057854.0,50000000.0,110.0,5.9,3.5565412020780713,217611052.414905,0,0,0,0,0,0,0,0,0,0,0,0,0,1,0
Critters,13167232.0,13167232.0,1618800.0,2000000.0,86.0,6.1,2.050692348234392,3813293.0,0,0,0,1,0,0,0,0,0,0,0,0,0,1,0
Critters 2,3813293.0,3813293.0,1898751.0,4500000.0,86.0,5.5,3.737243064539313,217611052.4130613,0,0,0,1,0,0,0,0,0,0,0,0,0,1,0
Critters 3,95747843.58671571,217611052.4130613,26418055.192448586,50165288.69185974,86.0,4.4,0.722807449844966,217611052.413361,0,0,0,1,0,0,0,0,0,0,0,0,0,1,0
Dolphin Tale,72286779.0,95943453.0,19152401.0,37000000.0,113.0,6.9,2.9706291025825307,57824533.0,0,0,0,0,0,1,0,0,0,0,0,0,1,0,0
Hot Tub Time Machine,50287556.0,64780213.0,14020502.0,36000000.0,101.0,6.4,4.906329356523406,13081651.0,0,0,0,1,0,0,0,0,0,0,0,0,0,0,1
Paul Blart: Mall Cop,146336178.0,183348429.0,31832636.0,26000000.0,91.0,5.2,6.247903789947775,107588225.0,0,0,0,0,0,0,0,0,0,0,0,0,1,0,0
Horrible Bosses,117538559.0,209838559.0,28302165.0,35000000.0,98.0,6.9,3.386790967644784,107645357.0,0,0,0,1,0,0,0,0,0,0,0,0,0,0,1
The Descent,26024456.0,57130027.0,8911330.0,27761633.677571047,99.0,7.2,3.1951374771555883,22963523.00681106,1,0,0,0,0,0,0,0,0,0,0,0,0,0,1
Quarantine,31691811.0,41319906.0,14211321.0,12000000.0,89.0,5.9,2.6831488668487373,50555876.06785232,0,0,0,0,0,0,0,1,0,0,0,0,0,0,1
V/H/S,100345.0,1944287.0,36402.0,18302739.790825374,116.0,5.8,0.7474486129078626,805574.0,0,0,0,0,0,0,0,1,0,0,0,0,0,0,1
Grave Encounters,21929357.143564217,21929357.143564217,3556108.3476401744,16528835.218113393,92.0,6.1,1.0650458257185296,22903105.065239318,0,0,0,0,0,0,0,1,0,0,0,0,0,0,0
An American Werewolf in London,30565292.0,30565292.0,3786512.0,10000000.0,97.0,7.5,16.34530483172139,26570463.0,0,0,0,1,0,0,0,0,0,0,0,0,0,0,1
Fantmas se dchane,95747843.58755302,217611052.41556558,26418055.192740746,50165288.69244246,94.0,6.9,1.2676509442356791,217611052.41862503,1,0,0,0,0,0,0,0,0,0,0,0,0,0,0
Carlito's Way,36948322.0,63851527.0,9116675.0,30000000.0,144.0,7.9,12.05226664476341,68607241.46094352,0,0,0,0,1,0,0,0,0,0,0,0,0,0,1
The Hunt for Eagle One,95747843.587441,217611052.41524124,26418055.192703832,50165288.692373425,93.1910966769178,3.8,0.4408030281251497,217611052.41539562,0,0,0,0,0,0,0,0,0,0,0,0,0,0,1
Fright Night,24922237.0,24922237.0,6118543.0,9000000.0,106.0,7.1,3.7947391116860714,2983784.0,0,0,0,0,0,0,1,0,0,0,0,0,0,0,1
Fright Night Part 2,2983784.0,2983784.0,548231.0,7500000.0,104.0,5.9,24.370110269204705,217611052.41734576,0,0,0,1,0,0,0,0,0,0,0,0,0,0,1
Child's Play,33244684.0,44196684.0,6583963.0,9000000.0,87.0,6.6,1.9986721151016105,35763605.0,0,0,0,0,0,0,1,0,0,0,0,0,0,0,1
Child's Play 2,28501605.0,35763605.0,10718520.0,13000000.0,84.0,5.9,0.8049446600546213,20560255.0,0,0,0,0,0,0,0,1,0,0,0,0,0,0,1
The Dead,20529597.35043927,20529597.35043927,3122498.3509821184,15890728.633559864,105.0,5.7,3.2772746873652436,217611052.4167508,0,0,0,0,0,0,0,0,0,0,0,0,0,0,1
The Cell,61334059.0,104155843.0,17515050.0,33000000.0,107.0,6.3,8.827012190530949,217611052.4154758,0,0,0,0,0,0,0,1,0,0,0,0,0,0,1
Major League,49797148.0,49797148.0,8836265.0,11000000.0,107.0,7.2,4.977514938705107,30626182.0,0,0,0,1,0,0,0,0,0,0,0,0,0,0,1
Major League II,30626182.0,30626182.0,7040777.0,25000000.0,105.0,5.6,4.049364463336003,3572443.0,0,0,0,1,0,0,0,0,0,0,0,0,1,0,0
Mirrors,30691439.0,78094714.0,11161074.0,35000000.0,110.0,6.2,2.1766360705558636,217611052.41307235,0,0,0,0,0,0,0,1,0,0,0,0,0,0,1
Piranha 3D,25003155.0,83188165.0,10106872.0,24000000.0,88.0,5.4,1.9001074628500243,8518634.0,0,0,0,1,0,0,0,0,0,0,0,0,0,0,1
The Hills Have Eyes,41778863.0,70009308.0,15708512.0,15000000.0,107.0,6.4,1.034928848641656,37697773.0,0,0,0,0,0,0,0,1,0,0,0,0,0,0,1
I Spit on Your Grave,93051.0,1278650.0,32440.0,2000000.0,108.0,6.3,2.625652819701979,678604.0,0,0,0,0,0,0,0,1,0,0,0,0,0,0,1
The Collector,7712114.0,10234475.0,3576296.0,6000000.0,90.0,6.4,3.334770734512002,9929706.0,0,0,0,0,0,0,0,0,0,0,0,0,0,0,1
30 Days of Night,39569000.0,75513170.0,15951902.0,30000000.0,113.0,6.6,2.9624153815615655,217611052.4148984,0,0,0,0,0,0,0,0,0,0,0,0,0,0,1
Ted,218815487.0,549368315.0,54415205.0,50000000.0,106.0,6.9,2.9897944516314503,215863606.0,0,0,0,1,0,0,0,0,0,0,0,0,0,0,1
Poltergeist,77142388.0,77142388.0,6896612.0,10700000.0,114.0,7.3,3.9672272531263477,40996665.0,0,0,0,0,0,0,0,1,0,0,0,0,1,0,0
Poltergeist II: The Other Side,40996665.0,40996665.0,12357190.0,19000000.0,91.0,5.7,2.050692348234392,14114488.0,0,0,0,0,0,0,0,1,0,0,0,0,0,1,0
Clerks,3151130.0,3151130.0,31665.0,27000.0,92.0,7.7,11.696338733854905,26986174.0,0,0,0,1,0,0,0,0,0,0,0,0,0,0,1
The Raid: Redemption,4105187.0,9148519.0,213785.0,1100000.0,101.0,7.6,1.9931963010876335,6566916.0,0,0,0,0,0,0,0,0,0,0,0,0,0,0,1
The Hobbit: An Unexpected Journey,303003568.0,1017003568.0,84617303.0,180000000.0,169.0,7.8,0.9965981505438167,958366855.0,1,0,0,0,0,0,0,0,0,0,0,0,0,1,0
The Hobbit: The Desolation of Smaug,258366855.0,958366855.0,73645197.0,225000000.0,161.0,7.8,1.0102876855787593,956019788.0,1,0,0,0,0,0,0,0,0,0,0,0,0,1,0
Wall Street,43848069.0,43848069.0,4104611.0,15000000.0,126.0,7.4,22.78760001916535,134748021.0,0,0,0,0,1,0,0,0,0,0,0,0,0,0,1
Young Guns,45661556.0,45661556.0,7011393.0,13000000.0,107.0,6.9,1.968555138024737,44143410.0,0,0,0,0,0,0,0,0,0,0,0,0,0,0,1
Finding Nemo,380843261.0,940350194.0,70251710.0,94000000.0,100.0,8.1,13.051602702314216,1028570889.0,0,1,0,0,0,0,0,0,0,0,1,0,0,0,0
Bad Lieutenant,2000022.0,2038916.0,47454.0,1000000.0,96.0,7.1,16.983237164349713,10606422.0,0,0,0,0,1,0,0,0,0,0,0,1,0,0,0
Taken,145000989.0,226837760.0,24717037.0,25000000.0,90.0,7.8,3.6797470173925544,376152455.0,0,0,0,0,0,0,0,0,0,0,0,0,0,1,0
Project A,95747843.5886792,217611052.41894442,26418055.19313581,50165288.69323467,105.0,7.4,3.6578437613366463,217611052.41924417,0,0,0,0,0,0,0,0,0,0,0,0,0,1,0
Cloverfield,80048433.0,172394180.0,40058229.0,25000000.0,85.0,7.0,8.14527334579081,110216998.0,0,0,0,0,0,0,0,0,0,0,0,0,0,1,0
My Big Fat Greek Wedding,241438208.0,368744044.0,597362.0,5000000.0,95.0,6.5,13.645728522830723,90632641.0,0,0,0,1,0,0,0,0,0,0,0,0,1,0,0
Avengers: Age of Ultron,459005868.0,1402809540.0,191271109.0,250000000.0,141.0,7.3,2.9897944516314503,2048359754.0,0,0,0,0,0,0,0,0,0,0,0,0,0,1,0
Avengers: Infinity War,678815482.0,2048359754.0,257698183.0,321000000.0,149.0,8.4,0.9965981505438167,2797800564.0,0,0,0,0,0,0,0,0,0,0,0,0,0,1,0
Thor,181030624.0,449326618.0,65723338.0,150000000.0,115.0,7.0,2.5106607254084614,644783140.0,0,0,0,0,0,0,0,0,0,0,0,0,0,1,0
Captain America: The First Avenger,176654505.0,370569774.0,65058524.0,140000000.0,124.0,6.9,2.702314215897657,714421503.0,0,0,0,0,0,0,0,0,0,0,0,0,0,1,0
Captain America: The Winter Soldier,259766572.0,714421503.0,95023721.0,170000000.0,136.0,7.7,2.0890230463322315,1153332120.0,0,0,0,0,0,0,0,0,0,0,0,0,0,1,0
Deadpool,363070709.0,782612155.0,132434639.0,58000000.0,108.0,8.0,2.2615111877725074,785794179.0,0,0,0,0,0,0,0,0,0,0,0,0,0,0,1
The Purge,64473115.0,89328627.0,34058360.0,3000000.0,85.0,5.7,1.111590244837334,111928365.0,0,0,0,0,0,0,0,1,0,0,0,0,0,0,1
The Purge: Anarchy,71962800.0,111928365.0,29816675.0,9000000.0,103.0,6.4,1.9548656029897944,118587880.0,0,0,0,0,0,0,0,0,0,0,0,0,0,0,1
Zoolander,45172250.0,60780981.0,15525043.0,28000000.0,90.0,6.5,14.374011786689666,56722693.0,0,0,0,1,0,0,0,0,0,0,0,0,0,1,0
Independence Day,306169268.0,817400891.0,50228264.0,75000000.0,145.0,7.0,19.975769522988152,389681935.0,0,0,0,0,0,0,0,0,0,0,0,0,0,1,0
Blue Crush,40390647.0,51843679.0,14169455.0,25000000.0,104.0,5.7,8.807846841482029,61386695.305774644,0,0,0,0,0,1,0,0,0,0,0,0,0,1,0
Trainspotting,16491080.0,16593356.0,262673.0,17109701.750843633,93.0,8.1,20.64108092568636,41681746.0,0,0,0,0,0,1,0,0,0,0,0,0,0,0,1
Blade Runner,32868943.0,41492614.0,6150002.0,28000000.0,117.0,8.1,35.2834075990609,259239658.0,0,0,0,0,0,0,0,0,0,0,0,0,0,0,1
Guardians of the Galaxy,333176600.0,772791483.0,94320883.0,170000000.0,121.0,8.0,2.759810263044416,863756051.0,0,0,0,0,0,0,0,0,0,0,0,0,0,1,0
Star Trek,257730019.0,385680446.0,75204289.0,150000000.0,127.0,7.9,4.021985393266117,467365246.0,0,0,0,0,0,0,0,0,0,0,0,0,0,1,0
Star Trek Into Darkness,228778661.0,467365246.0,70165559.0,190000000.0,132.0,7.7,3.1841858491276342,343471816.0,0,0,0,0,0,0,0,0,0,0,0,0,0,1,0
Gremlins,153378102.0,153629189.0,12511634.0,11000000.0,106.0,7.3,6.01791960136074,41482207.0,0,0,0,1,0,0,0,0,0,0,0,0,1,0,0
Dumb and Dumber,127175374.0,247275374.0,16363442.0,17000000.0,107.0,7.3,8.490249628671362,39267515.0,0,0,0,1,0,0,0,0,0,0,0,0,0,1,0
Dumb and Dumberer: When Harry Met Lloyd,26276465.0,39267515.0,11100000.0,19000000.0,85.0,3.4,11.422548033156055,169837010.0,0,0,0,1,0,0,0,0,0,0,0,0,0,1,0
Despicable Me,251513985.0,543113985.0,56397125.0,69000000.0,95.0,7.6,2.9843186376174735,970766005.0,0,1,0,0,0,0,0,0,0,0,0,0,1,0,0
Despicable Me 2,368065385.0,970766005.0,83517315.0,76000000.0,98.0,7.3,3.991868416189244,1034800131.0,0,1,0,0,0,0,0,0,0,0,0,0,1,0,0
Kingsman: The Secret Service,128261724.0,414351546.0,36206331.0,81000000.0,129.0,7.7,2.606487470653059,410902662.0,0,0,0,0,0,0,0,0,0,0,0,0,0,0,1
Goon,4168528.0,6985158.0,1232860.0,19089500.424634263,92.0,6.8,5.519620526088832,20571055.661526415,0,0,0,1,0,0,0,0,0,0,0,0,0,0,1
Maze Runner: The Scorch Trials,81697192.0,312296056.0,30316510.0,61000000.0,131.0,6.3,2.357337933017105,288175335.0,0,0,0,0,0,0,0,0,0,0,0,0,0,1,0
Paddington,76271832.0,282377550.0,18966676.0,55000000.0,95.0,7.2,2.9897944516314503,227978645.0,1,0,0,0,0,0,0,0,0,0,0,0,1,0,0
Three Colors: Blue,1324974.0,1341154.0,6413.0,17920854.90092838,94.0,7.9,0.7529244269218396,1237219.0,0,0,0,0,0,1,0,0,0,0,0,0,0,0,1
Three Colors: White,1237219.0,1237219.0,22284.0,17936418.229750838,92.0,7.6,0.4544925631600923,3581969.0,0,0,0,1,0,0,0,0,0,0,0,0,0,0,1
Hotel Transylvania,148313048.0,358375603.0,42522194.0,85000000.0,91.0,7.1,2.9897944516314503,474800000.0,0,1,0,0,0,0,0,0,0,0,0,0,1,0,0
Hotel Transylvania 2,169700110.0,474800000.0,48464322.0,80000000.0,89.0,6.7,2.7981409611422547,528583774.0,0,1,0,0,0,0,0,0,0,0,0,0,1,0,0
Mamma Mia!,144169664.0,609913584.0,27751240.0,52000000.0,108.0,6.4,10.004312203536006,395101142.0,0,0,0,1,0,0,0,0,0,0,0,0,0,1,0
Johnny English,28082366.0,160466000.0,9134085.0,40000000.0,89.0,6.2,8.260265440084327,160078586.0,0,0,0,0,0,0,0,0,0,0,0,0,1,0,0
Johnny English Reborn,8305970.0,160078586.0,3833300.0,45000000.0,101.0,6.3,7.014517751904557,158972499.0,0,0,0,0,0,0,0,0,0,0,0,0,1,0,0
Cars,244082982.0,461991867.0,60119509.0,120000000.0,117.0,7.1,5.0404867998658425,559852396.0,0,1,0,0,0,0,0,0,0,0,1,0,0,0,0
Happy Death Day,55683845.0,125479266.0,26039025.0,4800000.0,96.0,6.6,1.3360986194103917,64600152.0,0,0,0,0,0,0,0,1,0,0,0,0,0,1,0
Mission: Impossible,180981856.0,457731198.0,45436830.0,80000000.0,110.0,7.1,4.005557951224187,546388108.0,0,0,0,0,0,0,0,0,0,0,0,0,0,1,0
Mission: Impossible II,215409889.0,546388108.0,57845297.0,125000000.0,123.0,6.1,5.946734019179039,398479497.0,0,0,0,0,0,0,0,0,0,0,0,0,0,1,0
Mission: Impossible III,134029801.0,398479497.0,47743273.0,150000000.0,126.0,6.9,5.629136806368372,694713380.0,0,0,0,0,0,0,0,0,0,0,0,0,0,1,0
Mission: Impossible - Ghost Protocol,209397903.0,694713380.0,12785204.0,145000000.0,132.0,7.4,3.608561435210853,682716636.0,0,0,0,0,0,0,0,0,0,0,0,0,0,1,0
Mission: Impossible - Rogue Nation,195042377.0,682716636.0,55520089.0,150000000.0,131.0,7.4,2.9897944516314503,792586659.0,0,0,0,0,0,0,0,0,0,0,0,0,0,1,0
Mission: Impossible - Fallout,220159104.0,792586659.0,61236534.0,178000000.0,147.0,7.7,3.315605385463083,217611052.4190028,0,0,0,0,0,0,0,0,0,0,0,0,0,1,0
Mission: Impossible 7,95747843.58869721,217611052.4190028,26418055.193142984,50165288.69325075,105.27202062099786,6.239138405132907,0.9582674524459777,217611052.4190028,0,0,0,0,0,0,0,0,0,0,0,0,0,0,0
The Secret Life of Pets,368384330.0,875457937.0,104352905.0,75000000.0,87.0,6.5,2.913133055435772,430051293.0,0,1,0,0,0,0,0,0,0,0,0,0,1,0,0
A Dog's Purpose,64508620.0,205736628.0,18222810.0,22000000.0,100.0,7.2,2.299841885870346,75727748.0,1,0,0,0,0,0,0,0,0,0,0,0,1,0,0
John Wick,43037835.0,86081711.0,14415922.0,20000000.0,101.0,7.4,2.299841885870346,171547802.0,0,0,0,0,0,0,0,0,0,0,0,0,0,0,1
John Wick: Chapter 2,92029184.0,171547802.0,30436123.0,40000000.0,122.0,7.5,2.2615111877725074,326709727.0,0,0,0,0,0,0,0,0,0,0,0,0,0,0,1
Spider-Man: Homecoming,334201140.0,880166924.0,117027503.0,175000000.0,133.0,7.4,1.984982580066668,1131927996.0,0,0,0,0,0,0,0,0,0,0,0,0,0,1,0
Sin City,74103820.0,158733820.0,28100000.0,40000000.0,124.0,8.0,9.391021033970581,39407616.0,0,0,0,0,1,0,0,0,0,0,0,0,0,0,1
How to Train Your Dragon,217581231.0,494878759.0,43732319.0,165000000.0,98.0,8.1,4.216376790762301,621537519.0,0,1,0,0,0,0,0,0,0,0,0,0,1,0,0
How to Train Your Dragon 2,177002924.0,621537519.0,49451322.0,145000000.0,102.0,7.8,4.695510516985291,524513717.0,0,1,0,0,0,0,0,0,0,0,0,0,1,0,0
Toy Story,222498679.0,404265656.0,29140617.0,30000000.0,81.0,8.3,4.005557951224187,497374776.0,0,1,0,0,0,0,0,0,0,0,1,0,0,0,0
Toy Story 2,245852179.0,497374776.0,300163.0,90000000.0,92.0,7.9,10.56558313996865,1066969703.0,0,1,0,0,0,0,0,0,0,0,1,0,0,0,0
Toy Story 3,415004880.0,1066969703.0,110307189.0,200000000.0,103.0,8.3,9.00771405299219,1073394593.0,0,1,0,0,0,0,0,0,0,0,1,0,0,0,0
Annabelle,84273813.0,257047661.0,37134255.0,6500000.0,99.0,5.4,2.8556370082890137,306515884.0,0,0,0,0,0,0,0,1,0,0,0,0,0,0,1
Annabelle: Creation,102092201.0,306515884.0,35006404.0,15000000.0,109.0,6.5,1.8727283927801393,231252591.0,0,0,0,0,0,0,0,1,0,0,0,0,0,0,1
The Conjuring,137400141.0,319501756.0,41855326.0,20000000.0,112.0,7.5,2.8939677063868525,320392818.0,0,0,0,0,0,0,0,1,0,0,0,0,0,0,1
The Conjuring 2,102470008.0,320392818.0,40406314.0,40000000.0,134.0,7.3,4.9829907527190835,217611052.4190028,0,0,0,0,0,0,0,1,0,0,0,0,0,0,1
Angry Birds,107509366.0,352333929.0,38155177.0,73000000.0,97.0,6.3,3.2334681752534276,147792047.0,0,1,0,0,0,0,0,0,0,0,0,0,1,0,0
It,328828874.0,701796444.0,123403419.0,35000000.0,135.0,7.3,1.9931963010876335,473093228.0,0,0,0,0,0,0,0,1,0,0,0,0,0,0,1
Zombieland,75590286.0,102392080.0,24733155.0,23600000.0,88.0,7.6,10.042642901633846,122810399.0,1,0,0,0,0,0,0,0,0,0,0,0,0,0,1
Frozen,400738009.0,1280803377.0,243390.0,150000000.0,102.0,7.4,5.985064717276877,1450026933.0,0,1,0,0,0,0,0,0,0,0,0,0,1,0,0
Drunken Master,95747843.589292,217611052.4207837,26418055.19335091,50165288.693666264,111.0,7.5,22.042889313264475,11555430.0,0,0,0,0,0,0,0,0,0,0,0,0,0,1,0
